SS,SLR,County,State,DBcode,Haz_value,Haz_pct,Min_value,Min_pct,Max_value,Max_pct
000,0,Beaufort County,NC,RL1,1,0.0062,1,0.0061,23,0.1934
000,25,Beaufort County,NC,RL1,1,0.0067,1,0.0061,24,0.2033
000,50,Beaufort County,NC,RL1,1,0.0089,1,0.0061,25,0.2138
000,100,Beaufort County,NC,RL1,6,0.0483,1,0.0063,30,0.2546
000,150,Beaufort County,NC,RL1,9,0.0805,2,0.0132,33,0.2778
000,200,Beaufort County,NC,RL1,11,0.0940,7,0.0572,40,0.3388
000,300,Beaufort County,NC,RL1,19,0.1600,12,0.0986,52,0.4469
001,0,Beaufort County,NC,RL1,3,0.0283,1,0.0061,36,0.3039
001,25,Beaufort County,NC,RL1,4,0.0345,1,0.0061,39,0.3329
001,50,Beaufort County,NC,RL1,6,0.0519,1,0.0065,39,0.3365
001,100,Beaufort County,NC,RL1,10,0.0842,1,0.0121,42,0.3590
001,150,Beaufort County,NC,RL1,11,0.0960,6,0.0546,45,0.3863
001,200,Beaufort County,NC,RL1,14,0.1161,10,0.0831,54,0.4642
001,300,Beaufort County,NC,RL1,31,0.2634,15,0.1272,61,0.5201
020,0,Beaufort County,NC,RL1,29,0.2447,18,0.1537,69,0.5904
020,25,Beaufort County,NC,RL1,34,0.2895,19,0.1645,70,0.5962
020,50,Beaufort County,NC,RL1,36,0.3068,21,0.1759,71,0.6022
020,100,Beaufort County,NC,RL1,39,0.3321,24,0.2005,72,0.6132
020,150,Beaufort County,NC,RL1,43,0.3695,31,0.2634,76,0.6484
020,200,Beaufort County,NC,RL1,48,0.4129,36,0.3110,79,0.6711
020,300,Beaufort County,NC,RL1,58,0.4975,45,0.3794,84,0.7136
100,0,Beaufort County,NC,RL1,42,0.3542,26,0.2231,75,0.6394
100,25,Beaufort County,NC,RL1,44,0.3780,27,0.2333,76,0.6468
100,50,Beaufort County,NC,RL1,46,0.3922,31,0.2630,78,0.6686
100,100,Beaufort County,NC,RL1,50,0.4252,36,0.3110,80,0.6839
100,150,Beaufort County,NC,RL1,53,0.4552,40,0.3397,85,0.7220
100,200,Beaufort County,NC,RL1,57,0.4883,43,0.3676,86,0.7343
100,300,Beaufort County,NC,RL1,65,0.5499,52,0.4422,88,0.7510
000,0,Bertie County,NC,RL1,0,0.0000,0,0.0000,0,0.0000
000,25,Bertie County,NC,RL1,0,0.0000,0,0.0000,0,0.0000
000,50,Bertie County,NC,RL1,0,0.0000,0,0.0000,0,0.0000
000,100,Bertie County,NC,RL1,0,0.0000,0,0.0000,0,0.0000
000,150,Bertie County,NC,RL1,0,0.0000,0,0.0000,0,0.0000
000,200,Bertie County,NC,RL1,0,0.0000,0,0.0000,0,0.0000
000,300,Bertie County,NC,RL1,0,0.0000,0,0.0000,0,0.0000
001,0,Bertie County,NC,RL1,0,0.0000,0,0.0000,0,0.0000
001,25,Bertie County,NC,RL1,0,0.0000,0,0.0000,0,0.0000
001,50,Bertie County,NC,RL1,0,0.0000,0,0.0000,0,0.0000
001,100,Bertie County,NC,RL1,0,0.0000,0,0.0000,0,0.0000
001,150,Bertie County,NC,RL1,0,0.0000,0,0.0000,0,0.0000
001,200,Bertie County,NC,RL1,0,0.0000,0,0.0000,0,0.0000
001,300,Bertie County,NC,RL1,0,0.0000,0,0.0000,0,0.0000
020,0,Bertie County,NC,RL1,0,0.0000,0,0.0000,0,0.0000
020,25,Bertie County,NC,RL1,0,0.0000,0,0.0000,0,0.0000
020,50,Bertie County,NC,RL1,0,0.0000,0,0.0000,0,0.0000
020,100,Bertie County,NC,RL1,0,0.0000,0,0.0000,0,0.0000
020,150,Bertie County,NC,RL1,0,0.0000,0,0.0000,0,0.0000
020,200,Bertie County,NC,RL1,0,0.0000,0,0.0000,0,0.0000
020,300,Bertie County,NC,RL1,0,0.0000,0,0.0000,0,0.0000
100,0,Bertie County,NC,RL1,0,0.0000,0,0.0000,0,0.0000
100,25,Bertie County,NC,RL1,0,0.0000,0,0.0000,0,0.0000
100,50,Bertie County,NC,RL1,0,0.0000,0,0.0000,0,0.0000
100,100,Bertie County,NC,RL1,0,0.0000,0,0.0000,0,0.0000
100,150,Bertie County,NC,RL1,0,0.0000,0,0.0000,0,0.0000
100,200,Bertie County,NC,RL1,0,0.0000,0,0.0000,0,0.0000
100,300,Bertie County,NC,RL1,0,0.0000,0,0.0000,0,0.0000
000,0,Bladen County,NC,RL1,0,0.0000,0,0.0000,8,0.1951
000,25,Bladen County,NC,RL1,0,0.0000,0,0.0000,8,0.1951
000,50,Bladen County,NC,RL1,0,0.0000,0,0.0000,8,0.1951
000,100,Bladen County,NC,RL1,0,0.0000,0,0.0000,8,0.1951
000,150,Bladen County,NC,RL1,0,0.0000,0,0.0000,8,0.1951
000,200,Bladen County,NC,RL1,0,0.0000,0,0.0000,8,0.1951
000,300,Bladen County,NC,RL1,0,0.0000,0,0.0000,8,0.1951
001,0,Bladen County,NC,RL1,0,0.0000,0,0.0000,9,0.2383
001,25,Bladen County,NC,RL1,0,0.0000,0,0.0000,9,0.2383
001,50,Bladen County,NC,RL1,0,0.0000,0,0.0000,9,0.2383
001,100,Bladen County,NC,RL1,0,0.0000,0,0.0000,9,0.2383
001,150,Bladen County,NC,RL1,0,0.0000,0,0.0000,9,0.2383
001,200,Bladen County,NC,RL1,0,0.0000,0,0.0000,9,0.2383
001,300,Bladen County,NC,RL1,0,0.0000,0,0.0000,9,0.2383
020,0,Bladen County,NC,RL1,0,0.0064,0,0.0000,11,0.2719
020,25,Bladen County,NC,RL1,0,0.0064,0,0.0000,11,0.2719
020,50,Bladen County,NC,RL1,0,0.0064,0,0.0000,11,0.2719
020,100,Bladen County,NC,RL1,0,0.0064,0,0.0000,11,0.2719
020,150,Bladen County,NC,RL1,0,0.0064,0,0.0000,11,0.2719
020,200,Bladen County,NC,RL1,0,0.0064,0,0.0000,11,0.2719
020,300,Bladen County,NC,RL1,0,0.0064,0,0.0000,11,0.2719
100,0,Bladen County,NC,RL1,1,0.0261,0,0.0000,11,0.2786
100,25,Bladen County,NC,RL1,1,0.0261,0,0.0000,11,0.2786
100,50,Bladen County,NC,RL1,1,0.0261,0,0.0000,11,0.2786
100,100,Bladen County,NC,RL1,1,0.0261,0,0.0000,11,0.2786
100,150,Bladen County,NC,RL1,1,0.0261,0,0.0000,11,0.2786
100,200,Bladen County,NC,RL1,1,0.0261,0,0.0000,11,0.2786
100,300,Bladen County,NC,RL1,1,0.0261,0,0.0000,11,0.2786
000,0,Brunswick County,NC,RL1,0,0.0016,0,0.0005,2,0.0205
000,25,Brunswick County,NC,RL1,0,0.0024,0,0.0008,2,0.0207
000,50,Brunswick County,NC,RL1,0,0.0028,0,0.0009,2,0.0212
000,100,Brunswick County,NC,RL1,0,0.0034,0,0.0017,2,0.0222
000,150,Brunswick County,NC,RL1,0,0.0035,0,0.0028,3,0.0369
000,200,Brunswick County,NC,RL1,0,0.0037,0,0.0034,3,0.0415
000,300,Brunswick County,NC,RL1,1,0.0095,0,0.0040,5,0.0590
001,0,Brunswick County,NC,RL1,0,0.0032,0,0.0013,3,0.0387
001,25,Brunswick County,NC,RL1,0,0.0033,0,0.0019,3,0.0392
001,50,Brunswick County,NC,RL1,0,0.0038,0,0.0027,3,0.0405
001,100,Brunswick County,NC,RL1,0,0.0039,0,0.0028,4,0.0449
001,150,Brunswick County,NC,RL1,0,0.0044,0,0.0035,4,0.0493
001,200,Brunswick County,NC,RL1,0,0.0059,0,0.0037,5,0.0568
001,300,Brunswick County,NC,RL1,1,0.0162,1,0.0062,8,0.0956
020,0,Brunswick County,NC,RL1,0,0.0060,0,0.0034,5,0.0664
020,25,Brunswick County,NC,RL1,1,0.0072,0,0.0035,6,0.0689
020,50,Brunswick County,NC,RL1,1,0.0077,0,0.0039,6,0.0713
020,100,Brunswick County,NC,RL1,1,0.0101,0,0.0040,6,0.0762
020,150,Brunswick County,NC,RL1,1,0.0138,0,0.0054,7,0.0841
020,200,Brunswick County,NC,RL1,2,0.0189,1,0.0078,9,0.1110
020,300,Brunswick County,NC,RL1,3,0.0400,1,0.0167,13,0.1596
100,0,Brunswick County,NC,RL1,1,0.0076,0,0.0035,6,0.0743
100,25,Brunswick County,NC,RL1,1,0.0078,0,0.0040,6,0.0762
100,50,Brunswick County,NC,RL1,1,0.0097,0,0.0041,6,0.0781
100,100,Brunswick County,NC,RL1,1,0.0112,0,0.0047,7,0.0852
100,150,Brunswick County,NC,RL1,1,0.0162,1,0.0067,9,0.1066
100,200,Brunswick County,NC,RL1,2,0.0224,1,0.0081,11,0.1312
100,300,Brunswick County,NC,RL1,4,0.0472,2,0.0193,14,0.1744
000,0,Camden County,NC,RL1,0,0.0055,0,0.0044,1,0.1840
000,25,Camden County,NC,RL1,0,0.0055,0,0.0044,1,0.1951
000,50,Camden County,NC,RL1,0,0.0066,0,0.0046,1,0.2351
000,100,Camden County,NC,RL1,0,0.0133,0,0.0055,2,0.3966
000,150,Camden County,NC,RL1,1,0.1490,0,0.0073,4,0.6711
000,200,Camden County,NC,RL1,2,0.3409,0,0.0207,6,0.9546
000,300,Camden County,NC,RL1,6,0.9637,2,0.4146,6,1.0000
001,0,Camden County,NC,RL1,0,0.0071,0,0.0044,2,0.3035
001,25,Camden County,NC,RL1,0,0.0100,0,0.0055,2,0.3305
001,50,Camden County,NC,RL1,0,0.0122,0,0.0055,2,0.3815
001,100,Camden County,NC,RL1,0,0.0514,0,0.0066,4,0.6272
001,150,Camden County,NC,RL1,2,0.2620,0,0.0133,5,0.9041
001,200,Camden County,NC,RL1,3,0.5654,1,0.1525,6,0.9971
001,300,Camden County,NC,RL1,6,0.9980,4,0.7140,6,1.0000
020,0,Camden County,NC,RL1,3,0.4927,1,0.1421,6,0.9980
020,25,Camden County,NC,RL1,4,0.6137,1,0.1783,6,0.9980
020,50,Camden County,NC,RL1,4,0.7084,1,0.2081,6,0.9988
020,100,Camden County,NC,RL1,5,0.8832,2,0.3163,6,1.0000
020,150,Camden County,NC,RL1,6,0.9928,3,0.5365,6,1.0000
020,200,Camden County,NC,RL1,6,1.0000,5,0.9297,6,1.0000
020,300,Camden County,NC,RL1,6,1.0000,6,1.0000,6,1.0000
100,0,Camden County,NC,RL1,6,0.9905,3,0.4836,6,1.0000
100,25,Camden County,NC,RL1,6,0.9971,3,0.5566,6,1.0000
100,50,Camden County,NC,RL1,6,0.9980,4,0.6851,6,1.0000
100,100,Camden County,NC,RL1,6,1.0000,5,0.9323,6,1.0000
100,150,Camden County,NC,RL1,6,1.0000,6,0.9980,6,1.0000
100,200,Camden County,NC,RL1,6,1.0000,6,1.0000,6,1.0000
100,300,Camden County,NC,RL1,6,1.0000,6,1.0000,6,1.0000
000,0,Carteret County,NC,RL1,1,0.0304,1,0.0222,4,0.1194
000,25,Carteret County,NC,RL1,1,0.0322,1,0.0231,12,0.3184
000,50,Carteret County,NC,RL1,1,0.0357,1,0.0250,14,0.3704
000,100,Carteret County,NC,RL1,2,0.0499,1,0.0310,16,0.4446
000,150,Carteret County,NC,RL1,11,0.3120,1,0.0386,17,0.4765
000,200,Carteret County,NC,RL1,14,0.3928,3,0.0900,18,0.5032
000,300,Carteret County,NC,RL1,16,0.4452,15,0.4012,22,0.5886
001,0,Carteret County,NC,RL1,1,0.0383,1,0.0264,14,0.3716
001,25,Carteret County,NC,RL1,2,0.0416,1,0.0284,15,0.4170
001,50,Carteret County,NC,RL1,2,0.0461,1,0.0306,17,0.4557
001,100,Carteret County,NC,RL1,11,0.2878,1,0.0382,18,0.4927
001,150,Carteret County,NC,RL1,14,0.3809,2,0.0521,19,0.5135
001,200,Carteret County,NC,RL1,15,0.4179,12,0.3211,20,0.5528
001,300,Carteret County,NC,RL1,17,0.4759,16,0.4249,25,0.6711
020,0,Carteret County,NC,RL1,11,0.2887,2,0.0487,20,0.5471
020,25,Carteret County,NC,RL1,12,0.3397,2,0.0541,20,0.5576
020,50,Carteret County,NC,RL1,14,0.3802,2,0.0579,21,0.5693
020,100,Carteret County,NC,RL1,16,0.4396,11,0.3009,22,0.6106
020,150,Carteret County,NC,RL1,17,0.4551,14,0.3824,24,0.6666
020,200,Carteret County,NC,RL1,18,0.4876,16,0.4335,27,0.7392
020,300,Carteret County,NC,RL1,23,0.6321,18,0.4904,30,0.8056
100,0,Carteret County,NC,RL1,14,0.3788,2,0.0584,22,0.5861
100,25,Carteret County,NC,RL1,15,0.4113,2,0.0667,22,0.6018
100,50,Carteret County,NC,RL1,16,0.4354,10,0.2728,23,0.6193
100,100,Carteret County,NC,RL1,17,0.4515,14,0.3747,24,0.6660
100,150,Carteret County,NC,RL1,18,0.4817,16,0.4275,27,0.7372
100,200,Carteret County,NC,RL1,19,0.5235,16,0.4463,29,0.7957
100,300,Carteret County,NC,RL1,25,0.6835,19,0.5262,31,0.8509
000,0,Chowan County,NC,RL1,0,0.0000,0,0.0000,1,0.1804
000,25,Chowan County,NC,RL1,0,0.0000,0,0.0000,1,0.1804
000,50,Chowan County,NC,RL1,0,0.0000,0,0.0000,1,0.1804
000,100,Chowan County,NC,RL1,0,0.0000,0,0.0000,1,0.1804
000,150,Chowan County,NC,RL1,0,0.0000,0,0.0000,1,0.1804
000,200,Chowan County,NC,RL1,0,0.0000,0,0.0000,1,0.1804
000,300,Chowan County,NC,RL1,0,0.0000,0,0.0000,1,0.2588
001,0,Chowan County,NC,RL1,0,0.0000,0,0.0000,1,0.2836
001,25,Chowan County,NC,RL1,0,0.0000,0,0.0000,1,0.2836
001,50,Chowan County,NC,RL1,0,0.0000,0,0.0000,1,0.2836
001,100,Chowan County,NC,RL1,0,0.0000,0,0.0000,1,0.2836
001,150,Chowan County,NC,RL1,0,0.0000,0,0.0000,1,0.2836
001,200,Chowan County,NC,RL1,0,0.0000,0,0.0000,1,0.2919
001,300,Chowan County,NC,RL1,0,0.0054,0,0.0000,2,0.4448
020,0,Chowan County,NC,RL1,0,0.0121,0,0.0000,2,0.4297
020,25,Chowan County,NC,RL1,0,0.0121,0,0.0000,2,0.4310
020,50,Chowan County,NC,RL1,0,0.0126,0,0.0000,2,0.4337
020,100,Chowan County,NC,RL1,0,0.0138,0,0.0000,2,0.4428
020,150,Chowan County,NC,RL1,0,0.0165,0,0.0000,2,0.4763
020,200,Chowan County,NC,RL1,0,0.0232,0,0.0000,3,0.5690
020,300,Chowan County,NC,RL1,1,0.1899,0,0.0054,5,0.9845
100,0,Chowan County,NC,RL1,0,0.0285,0,0.0000,2,0.4761
100,25,Chowan County,NC,RL1,0,0.0294,0,0.0000,2,0.4790
100,50,Chowan County,NC,RL1,0,0.0311,0,0.0000,2,0.4898
100,100,Chowan County,NC,RL1,0,0.0407,0,0.0000,3,0.5350
100,150,Chowan County,NC,RL1,0,0.0589,0,0.0000,3,0.6311
100,200,Chowan County,NC,RL1,1,0.1280,0,0.0000,4,0.8291
100,300,Chowan County,NC,RL1,4,0.7415,0,0.0940,5,1.0000
000,0,Columbus County,NC,RL1,0,0.0000,0,0.0000,4,0.0725
000,25,Columbus County,NC,RL1,0,0.0000,0,0.0000,4,0.0725
000,50,Columbus County,NC,RL1,0,0.0000,0,0.0000,4,0.0725
000,100,Columbus County,NC,RL1,0,0.0000,0,0.0000,4,0.0725
000,150,Columbus County,NC,RL1,0,0.0000,0,0.0000,4,0.0727
000,200,Columbus County,NC,RL1,0,0.0000,0,0.0000,4,0.0731
000,300,Columbus County,NC,RL1,0,0.0006,0,0.0000,4,0.0757
001,0,Columbus County,NC,RL1,0,0.0000,0,0.0000,4,0.0801
001,25,Columbus County,NC,RL1,0,0.0000,0,0.0000,4,0.0801
001,50,Columbus County,NC,RL1,0,0.0000,0,0.0000,4,0.0801
001,100,Columbus County,NC,RL1,0,0.0000,0,0.0000,4,0.0801
001,150,Columbus County,NC,RL1,0,0.0004,0,0.0000,4,0.0804
001,200,Columbus County,NC,RL1,0,0.0004,0,0.0000,4,0.0808
001,300,Columbus County,NC,RL1,0,0.0011,0,0.0004,5,0.0829
020,0,Columbus County,NC,RL1,1,0.0122,0,0.0014,6,0.1070
020,25,Columbus County,NC,RL1,1,0.0122,0,0.0015,6,0.1070
020,50,Columbus County,NC,RL1,1,0.0122,0,0.0015,6,0.1070
020,100,Columbus County,NC,RL1,1,0.0122,0,0.0015,6,0.1070
020,150,Columbus County,NC,RL1,1,0.0122,0,0.0015,6,0.1070
020,200,Columbus County,NC,RL1,1,0.0122,0,0.0015,6,0.1078
020,300,Columbus County,NC,RL1,1,0.0135,0,0.0024,6,0.1116
100,0,Columbus County,NC,RL1,1,0.0168,0,0.0017,6,0.1127
100,25,Columbus County,NC,RL1,1,0.0168,0,0.0018,6,0.1127
100,50,Columbus County,NC,RL1,1,0.0168,0,0.0018,6,0.1127
100,100,Columbus County,NC,RL1,1,0.0168,0,0.0018,6,0.1128
100,150,Columbus County,NC,RL1,1,0.0170,0,0.0020,6,0.1134
100,200,Columbus County,NC,RL1,1,0.0179,0,0.0021,6,0.1135
100,300,Columbus County,NC,RL1,1,0.0193,0,0.0025,7,0.1179
000,0,Craven County,NC,RL1,1,0.0146,1,0.0111,17,0.1755
000,25,Craven County,NC,RL1,1,0.0147,1,0.0111,17,0.1768
000,50,Craven County,NC,RL1,1,0.0148,1,0.0111,18,0.1820
000,100,Craven County,NC,RL1,2,0.0154,1,0.0147,19,0.1993
000,150,Craven County,NC,RL1,2,0.0182,1,0.0150,24,0.2414
000,200,Craven County,NC,RL1,3,0.0302,2,0.0156,31,0.3136
000,300,Craven County,NC,RL1,14,0.1442,4,0.0439,40,0.4145
001,0,Craven County,NC,RL1,2,0.0167,1,0.0112,29,0.2922
001,25,Craven County,NC,RL1,2,0.0167,1,0.0147,29,0.2937
001,50,Craven County,NC,RL1,2,0.0167,1,0.0147,29,0.2987
001,100,Craven County,NC,RL1,2,0.0193,1,0.0150,32,0.3277
001,150,Craven County,NC,RL1,3,0.0311,2,0.0156,40,0.4082
001,200,Craven County,NC,RL1,8,0.0806,2,0.0234,46,0.4689
001,300,Craven County,NC,RL1,21,0.2188,10,0.1000,50,0.5152
020,0,Craven County,NC,RL1,25,0.2508,11,0.1095,62,0.6388
020,25,Craven County,NC,RL1,25,0.2603,12,0.1249,63,0.6417
020,50,Craven County,NC,RL1,27,0.2718,15,0.1533,63,0.6442
020,100,Craven County,NC,RL1,30,0.3043,19,0.1993,64,0.6505
020,150,Craven County,NC,RL1,31,0.3219,22,0.2237,64,0.6591
020,200,Craven County,NC,RL1,33,0.3418,23,0.2331,65,0.6663
020,300,Craven County,NC,RL1,36,0.3707,30,0.3056,70,0.7125
100,0,Craven County,NC,RL1,35,0.3609,22,0.2240,69,0.7029
100,25,Craven County,NC,RL1,36,0.3643,22,0.2295,69,0.7065
100,50,Craven County,NC,RL1,36,0.3684,23,0.2341,69,0.7093
100,100,Craven County,NC,RL1,37,0.3780,24,0.2431,71,0.7227
100,150,Craven County,NC,RL1,38,0.3871,29,0.2954,72,0.7384
100,200,Craven County,NC,RL1,39,0.3983,32,0.3228,75,0.7668
100,300,Craven County,NC,RL1,43,0.4451,34,0.3488,82,0.8380
000,0,Currituck County,NC,RL1,0,0.0000,0,0.0000,4,0.2828
000,25,Currituck County,NC,RL1,0,0.0000,0,0.0000,5,0.2948
000,50,Currituck County,NC,RL1,0,0.0009,0,0.0000,5,0.3069
000,100,Currituck County,NC,RL1,0,0.0065,0,0.0000,7,0.4546
000,150,Currituck County,NC,RL1,0,0.0214,0,0.0014,10,0.6172
000,200,Currituck County,NC,RL1,4,0.2228,0,0.0077,13,0.7965
000,300,Currituck County,NC,RL1,12,0.7702,5,0.3049,15,0.9615
001,0,Currituck County,NC,RL1,0,0.0057,0,0.0000,9,0.5478
001,25,Currituck County,NC,RL1,0,0.0057,0,0.0000,9,0.5527
001,50,Currituck County,NC,RL1,0,0.0065,0,0.0000,9,0.5763
001,100,Currituck County,NC,RL1,0,0.0154,0,0.0013,11,0.6686
001,150,Currituck County,NC,RL1,2,0.1557,0,0.0068,13,0.8185
001,200,Currituck County,NC,RL1,8,0.5349,0,0.0236,14,0.9002
001,300,Currituck County,NC,RL1,14,0.9014,11,0.6700,16,0.9923
020,0,Currituck County,NC,RL1,6,0.3496,0,0.0160,15,0.9453
020,25,Currituck County,NC,RL1,7,0.4143,0,0.0195,15,0.9527
020,50,Currituck County,NC,RL1,8,0.4882,0,0.0251,15,0.9565
020,100,Currituck County,NC,RL1,11,0.6888,1,0.0434,15,0.9730
020,150,Currituck County,NC,RL1,14,0.8611,5,0.2943,15,0.9829
020,200,Currituck County,NC,RL1,15,0.9247,11,0.6832,16,0.9905
020,300,Currituck County,NC,RL1,16,0.9919,15,0.9281,16,0.9999
100,0,Currituck County,NC,RL1,12,0.7740,3,0.1937,15,0.9840
100,25,Currituck County,NC,RL1,13,0.8199,4,0.2606,16,0.9860
100,50,Currituck County,NC,RL1,14,0.8771,5,0.3404,16,0.9884
100,100,Currituck County,NC,RL1,15,0.9560,8,0.5349,16,0.9938
100,150,Currituck County,NC,RL1,15,0.9809,12,0.7652,16,0.9999
100,200,Currituck County,NC,RL1,16,0.9919,15,0.9461,16,0.9999
100,300,Currituck County,NC,RL1,16,0.9999,16,0.9999,16,0.9999
000,0,Duplin County,NC,RL1,0,0.0000,0,0.0000,1,0.0174
000,25,Duplin County,NC,RL1,0,0.0000,0,0.0000,1,0.0174
000,50,Duplin County,NC,RL1,0,0.0000,0,0.0000,1,0.0174
000,100,Duplin County,NC,RL1,0,0.0000,0,0.0000,1,0.0174
000,150,Duplin County,NC,RL1,0,0.0000,0,0.0000,1,0.0174
000,200,Duplin County,NC,RL1,0,0.0000,0,0.0000,1,0.0174
000,300,Duplin County,NC,RL1,0,0.0000,0,0.0000,1,0.0174
001,0,Duplin County,NC,RL1,0,0.0000,0,0.0000,1,0.0287
001,25,Duplin County,NC,RL1,0,0.0000,0,0.0000,1,0.0287
001,50,Duplin County,NC,RL1,0,0.0000,0,0.0000,1,0.0287
001,100,Duplin County,NC,RL1,0,0.0000,0,0.0000,1,0.0287
001,150,Duplin County,NC,RL1,0,0.0000,0,0.0000,1,0.0287
001,200,Duplin County,NC,RL1,0,0.0000,0,0.0000,1,0.0287
001,300,Duplin County,NC,RL1,0,0.0000,0,0.0000,1,0.0287
020,0,Duplin County,NC,RL1,0,0.0000,0,0.0000,4,0.0792
020,25,Duplin County,NC,RL1,0,0.0000,0,0.0000,4,0.0792
020,50,Duplin County,NC,RL1,0,0.0000,0,0.0000,4,0.0792
020,100,Duplin County,NC,RL1,0,0.0000,0,0.0000,4,0.0792
020,150,Duplin County,NC,RL1,0,0.0000,0,0.0000,4,0.0792
020,200,Duplin County,NC,RL1,0,0.0000,0,0.0000,4,0.0792
020,300,Duplin County,NC,RL1,0,0.0000,0,0.0000,4,0.0792
100,0,Duplin County,NC,RL1,0,0.0000,0,0.0000,5,0.1006
100,25,Duplin County,NC,RL1,0,0.0000,0,0.0000,5,0.1006
100,50,Duplin County,NC,RL1,0,0.0000,0,0.0000,5,0.1006
100,100,Duplin County,NC,RL1,0,0.0000,0,0.0000,5,0.1006
100,150,Duplin County,NC,RL1,0,0.0000,0,0.0000,5,0.1006
100,200,Duplin County,NC,RL1,0,0.0000,0,0.0000,5,0.1006
100,300,Duplin County,NC,RL1,0,0.0000,0,0.0000,5,0.1006
000,0,Edgecombe County,NC,RL1,0,0.0000,0,0.0000,3,0.0824
000,25,Edgecombe County,NC,RL1,0,0.0000,0,0.0000,3,0.0824
000,50,Edgecombe County,NC,RL1,0,0.0000,0,0.0000,3,0.0824
000,100,Edgecombe County,NC,RL1,0,0.0000,0,0.0000,3,0.0824
000,150,Edgecombe County,NC,RL1,0,0.0000,0,0.0000,3,0.0824
000,200,Edgecombe County,NC,RL1,0,0.0000,0,0.0000,3,0.0824
000,300,Edgecombe County,NC,RL1,0,0.0000,0,0.0000,3,0.0824
001,0,Edgecombe County,NC,RL1,0,0.0046,0,0.0000,4,0.1320
001,25,Edgecombe County,NC,RL1,0,0.0046,0,0.0000,4,0.1320
001,50,Edgecombe County,NC,RL1,0,0.0046,0,0.0000,4,0.1320
001,100,Edgecombe County,NC,RL1,0,0.0046,0,0.0000,4,0.1320
001,150,Edgecombe County,NC,RL1,0,0.0046,0,0.0000,4,0.1320
001,200,Edgecombe County,NC,RL1,0,0.0046,0,0.0000,4,0.1320
001,300,Edgecombe County,NC,RL1,0,0.0046,0,0.0000,4,0.1320
020,0,Edgecombe County,NC,RL1,1,0.0347,0,0.0055,7,0.2237
020,25,Edgecombe County,NC,RL1,1,0.0347,0,0.0055,7,0.2237
020,50,Edgecombe County,NC,RL1,1,0.0347,0,0.0055,7,0.2237
020,100,Edgecombe County,NC,RL1,1,0.0347,0,0.0055,7,0.2237
020,150,Edgecombe County,NC,RL1,1,0.0347,0,0.0055,7,0.2237
020,200,Edgecombe County,NC,RL1,1,0.0349,0,0.0055,7,0.2241
020,300,Edgecombe County,NC,RL1,1,0.0351,0,0.0057,7,0.2246
100,0,Edgecombe County,NC,RL1,2,0.0502,0,0.0073,8,0.2427
100,25,Edgecombe County,NC,RL1,2,0.0502,0,0.0073,8,0.2427
100,50,Edgecombe County,NC,RL1,2,0.0504,0,0.0073,8,0.2428
100,100,Edgecombe County,NC,RL1,2,0.0508,0,0.0073,8,0.2432
100,150,Edgecombe County,NC,RL1,2,0.0516,0,0.0073,8,0.2438
100,200,Edgecombe County,NC,RL1,2,0.0519,0,0.0075,8,0.2444
100,300,Edgecombe County,NC,RL1,2,0.0528,0,0.0075,8,0.2464
000,0,Greene County,NC,RL1,0,0.0000,0,0.0000,0,0.0000
000,25,Greene County,NC,RL1,0,0.0000,0,0.0000,0,0.0000
000,50,Greene County,NC,RL1,0,0.0000,0,0.0000,0,0.0000
000,100,Greene County,NC,RL1,0,0.0000,0,0.0000,0,0.0000
000,150,Greene County,NC,RL1,0,0.0000,0,0.0000,0,0.0000
000,200,Greene County,NC,RL1,0,0.0000,0,0.0000,0,0.0000
000,300,Greene County,NC,RL1,0,0.0000,0,0.0000,0,0.0000
001,0,Greene County,NC,RL1,0,0.0000,0,0.0000,0,0.0000
001,25,Greene County,NC,RL1,0,0.0000,0,0.0000,0,0.0000
001,50,Greene County,NC,RL1,0,0.0000,0,0.0000,0,0.0000
001,100,Greene County,NC,RL1,0,0.0000,0,0.0000,0,0.0000
001,150,Greene County,NC,RL1,0,0.0000,0,0.0000,0,0.0000
001,200,Greene County,NC,RL1,0,0.0000,0,0.0000,0,0.0000
001,300,Greene County,NC,RL1,0,0.0000,0,0.0000,0,0.0000
020,0,Greene County,NC,RL1,0,0.0000,0,0.0000,0,0.0000
020,25,Greene County,NC,RL1,0,0.0000,0,0.0000,0,0.0000
020,50,Greene County,NC,RL1,0,0.0000,0,0.0000,0,0.0000
020,100,Greene County,NC,RL1,0,0.0000,0,0.0000,0,0.0000
020,150,Greene County,NC,RL1,0,0.0000,0,0.0000,0,0.0000
020,200,Greene County,NC,RL1,0,0.0000,0,0.0000,0,0.0000
020,300,Greene County,NC,RL1,0,0.0000,0,0.0000,0,0.0000
100,0,Greene County,NC,RL1,0,0.0000,0,0.0000,0,0.0000
100,25,Greene County,NC,RL1,0,0.0000,0,0.0000,0,0.0000
100,50,Greene County,NC,RL1,0,0.0000,0,0.0000,0,0.0000
100,100,Greene County,NC,RL1,0,0.0000,0,0.0000,0,0.0000
100,150,Greene County,NC,RL1,0,0.0000,0,0.0000,0,0.0000
100,200,Greene County,NC,RL1,0,0.0000,0,0.0000,0,0.0000
100,300,Greene County,NC,RL1,0,0.0000,0,0.0000,0,0.0000
000,0,Halifax County,NC,RL1,0,0.0000,0,0.0000,0,0.0000
000,25,Halifax County,NC,RL1,0,0.0000,0,0.0000,0,0.0000
000,50,Halifax County,NC,RL1,0,0.0000,0,0.0000,0,0.0000
000,100,Halifax County,NC,RL1,0,0.0000,0,0.0000,0,0.0000
000,150,Halifax County,NC,RL1,0,0.0000,0,0.0000,0,0.0000
000,200,Halifax County,NC,RL1,0,0.0000,0,0.0000,0,0.0000
000,300,Halifax County,NC,RL1,0,0.0000,0,0.0000,0,0.0000
001,0,Halifax County,NC,RL1,0,0.0000,0,0.0000,0,0.0000
001,25,Halifax County,NC,RL1,0,0.0000,0,0.0000,0,0.0000
001,50,Halifax County,NC,RL1,0,0.0000,0,0.0000,0,0.0000
001,100,Halifax County,NC,RL1,0,0.0000,0,0.0000,0,0.0000
001,150,Halifax County,NC,RL1,0,0.0000,0,0.0000,0,0.0000
001,200,Halifax County,NC,RL1,0,0.0000,0,0.0000,0,0.0000
001,300,Halifax County,NC,RL1,0,0.0000,0,0.0000,0,0.0000
020,0,Halifax County,NC,RL1,0,0.0000,0,0.0000,0,0.0000
020,25,Halifax County,NC,RL1,0,0.0000,0,0.0000,0,0.0000
020,50,Halifax County,NC,RL1,0,0.0000,0,0.0000,0,0.0000
020,100,Halifax County,NC,RL1,0,0.0000,0,0.0000,0,0.0000
020,150,Halifax County,NC,RL1,0,0.0000,0,0.0000,0,0.0000
020,200,Halifax County,NC,RL1,0,0.0000,0,0.0000,0,0.0000
020,300,Halifax County,NC,RL1,0,0.0000,0,0.0000,0,0.0000
100,0,Halifax County,NC,RL1,0,0.0000,0,0.0000,0,0.0000
100,25,Halifax County,NC,RL1,0,0.0000,0,0.0000,0,0.0000
100,50,Halifax County,NC,RL1,0,0.0000,0,0.0000,0,0.0000
100,100,Halifax County,NC,RL1,0,0.0000,0,0.0000,0,0.0000
100,150,Halifax County,NC,RL1,0,0.0000,0,0.0000,0,0.0000
100,200,Halifax County,NC,RL1,0,0.0000,0,0.0000,0,0.0000
100,300,Halifax County,NC,RL1,0,0.0000,0,0.0000,0,0.0000
000,0,Hertford County,NC,RL1,0,0.0000,0,0.0000,2,0.0490
000,25,Hertford County,NC,RL1,0,0.0000,0,0.0000,2,0.0490
000,50,Hertford County,NC,RL1,0,0.0000,0,0.0000,2,0.0490
000,100,Hertford County,NC,RL1,0,0.0000,0,0.0000,2,0.0490
000,150,Hertford County,NC,RL1,0,0.0000,0,0.0000,2,0.0490
000,200,Hertford County,NC,RL1,0,0.0000,0,0.0000,2,0.0490
000,300,Hertford County,NC,RL1,0,0.0000,0,0.0000,2,0.0490
001,0,Hertford County,NC,RL1,0,0.0009,0,0.0000,3,0.0798
001,25,Hertford County,NC,RL1,0,0.0009,0,0.0000,3,0.0798
001,50,Hertford County,NC,RL1,0,0.0009,0,0.0000,3,0.0798
001,100,Hertford County,NC,RL1,0,0.0009,0,0.0000,3,0.0798
001,150,Hertford County,NC,RL1,0,0.0009,0,0.0000,3,0.0798
001,200,Hertford County,NC,RL1,0,0.0009,0,0.0000,3,0.0798
001,300,Hertford County,NC,RL1,0,0.0009,0,0.0000,3,0.0798
020,0,Hertford County,NC,RL1,0,0.0038,0,0.0010,5,0.1499
020,25,Hertford County,NC,RL1,0,0.0038,0,0.0010,5,0.1499
020,50,Hertford County,NC,RL1,0,0.0038,0,0.0010,5,0.1499
020,100,Hertford County,NC,RL1,0,0.0038,0,0.0010,5,0.1499
020,150,Hertford County,NC,RL1,0,0.0038,0,0.0010,5,0.1499
020,200,Hertford County,NC,RL1,0,0.0038,0,0.0010,5,0.1499
020,300,Hertford County,NC,RL1,0,0.0042,0,0.0010,5,0.1502
100,0,Hertford County,NC,RL1,0,0.0102,0,0.0012,8,0.2450
100,25,Hertford County,NC,RL1,0,0.0102,0,0.0012,8,0.2450
100,50,Hertford County,NC,RL1,0,0.0106,0,0.0012,8,0.2450
100,100,Hertford County,NC,RL1,0,0.0106,0,0.0012,8,0.2450
100,150,Hertford County,NC,RL1,0,0.0106,0,0.0012,8,0.2450
100,200,Hertford County,NC,RL1,0,0.0106,0,0.0012,8,0.2451
100,300,Hertford County,NC,RL1,0,0.0128,0,0.0021,8,0.2463
000,0,Jones County,NC,RL1,0,0.0000,0,0.0000,1,0.2837
000,25,Jones County,NC,RL1,0,0.0000,0,0.0000,1,0.2837
000,50,Jones County,NC,RL1,0,0.0000,0,0.0000,1,0.2837
000,100,Jones County,NC,RL1,0,0.0000,0,0.0000,1,0.2837
000,150,Jones County,NC,RL1,0,0.0000,0,0.0000,1,0.2837
000,200,Jones County,NC,RL1,0,0.0000,0,0.0000,1,0.2837
000,300,Jones County,NC,RL1,0,0.0000,0,0.0000,1,0.2837
001,0,Jones County,NC,RL1,0,0.0000,0,0.0000,2,0.4123
001,25,Jones County,NC,RL1,0,0.0000,0,0.0000,2,0.4123
001,50,Jones County,NC,RL1,0,0.0000,0,0.0000,2,0.4123
001,100,Jones County,NC,RL1,0,0.0000,0,0.0000,2,0.4123
001,150,Jones County,NC,RL1,0,0.0000,0,0.0000,2,0.4123
001,200,Jones County,NC,RL1,0,0.0000,0,0.0000,2,0.4123
001,300,Jones County,NC,RL1,0,0.0000,0,0.0000,2,0.4123
020,0,Jones County,NC,RL1,0,0.0559,0,0.0000,2,0.5400
020,25,Jones County,NC,RL1,0,0.0559,0,0.0000,2,0.5400
020,50,Jones County,NC,RL1,0,0.0559,0,0.0000,2,0.5400
020,100,Jones County,NC,RL1,0,0.0559,0,0.0000,2,0.5400
020,150,Jones County,NC,RL1,0,0.0559,0,0.0000,2,0.5400
020,200,Jones County,NC,RL1,0,0.0559,0,0.0000,2,0.5400
020,300,Jones County,NC,RL1,0,0.0559,0,0.0000,2,0.5400
100,0,Jones County,NC,RL1,1,0.1395,0,0.0048,3,0.5601
100,25,Jones County,NC,RL1,1,0.1395,0,0.0048,3,0.5601
100,50,Jones County,NC,RL1,1,0.1395,0,0.0048,3,0.5601
100,100,Jones County,NC,RL1,1,0.1395,0,0.0048,3,0.5601
100,150,Jones County,NC,RL1,1,0.1395,0,0.0048,3,0.5601
100,200,Jones County,NC,RL1,1,0.1395,0,0.0048,3,0.5601
100,300,Jones County,NC,RL1,1,0.1395,0,0.0048,3,0.5601
000,0,Lenoir County,NC,RL1,0,0.0000,0,0.0000,7,0.1494
000,25,Lenoir County,NC,RL1,0,0.0000,0,0.0000,7,0.1494
000,50,Lenoir County,NC,RL1,0,0.0000,0,0.0000,7,0.1494
000,100,Lenoir County,NC,RL1,0,0.0000,0,0.0000,7,0.1494
000,150,Lenoir County,NC,RL1,0,0.0000,0,0.0000,7,0.1494
000,200,Lenoir County,NC,RL1,0,0.0000,0,0.0000,7,0.1494
000,300,Lenoir County,NC,RL1,0,0.0000,0,0.0000,7,0.1494
001,0,Lenoir County,NC,RL1,0,0.0045,0,0.0000,9,0.1961
001,25,Lenoir County,NC,RL1,0,0.0045,0,0.0000,9,0.1961
001,50,Lenoir County,NC,RL1,0,0.0045,0,0.0000,9,0.1961
001,100,Lenoir County,NC,RL1,0,0.0045,0,0.0000,9,0.1961
001,150,Lenoir County,NC,RL1,0,0.0045,0,0.0000,9,0.1961
001,200,Lenoir County,NC,RL1,0,0.0045,0,0.0000,9,0.1961
001,300,Lenoir County,NC,RL1,0,0.0045,0,0.0000,9,0.1961
020,0,Lenoir County,NC,RL1,1,0.0274,0,0.0077,15,0.3320
020,25,Lenoir County,NC,RL1,1,0.0274,0,0.0077,15,0.3325
020,50,Lenoir County,NC,RL1,1,0.0274,0,0.0078,15,0.3325
020,100,Lenoir County,NC,RL1,1,0.0285,0,0.0078,15,0.3332
020,150,Lenoir County,NC,RL1,1,0.0287,0,0.0078,15,0.3349
020,200,Lenoir County,NC,RL1,1,0.0306,0,0.0078,15,0.3365
020,300,Lenoir County,NC,RL1,2,0.0406,0,0.0078,15,0.3454
100,0,Lenoir County,NC,RL1,3,0.0692,1,0.0166,17,0.3792
100,25,Lenoir County,NC,RL1,3,0.0693,1,0.0166,17,0.3792
100,50,Lenoir County,NC,RL1,3,0.0716,1,0.0166,17,0.3795
100,100,Lenoir County,NC,RL1,3,0.0760,1,0.0168,17,0.3798
100,150,Lenoir County,NC,RL1,4,0.0812,1,0.0169,17,0.3798
100,200,Lenoir County,NC,RL1,4,0.0854,1,0.0187,17,0.3804
100,300,Lenoir County,NC,RL1,5,0.1060,1,0.0324,17,0.3845
000,0,Martin County,NC,RL1,0,0.0059,0,0.0059,8,0.1865
000,25,Martin County,NC,RL1,0,0.0059,0,0.0059,8,0.1865
000,50,Martin County,NC,RL1,0,0.0059,0,0.0059,8,0.1865
000,100,Martin County,NC,RL1,0,0.0099,0,0.0059,10,0.2298
000,150,Martin County,NC,RL1,3,0.0651,0,0.0059,12,0.2729
000,200,Martin County,NC,RL1,8,0.1691,1,0.0122,13,0.2796
000,300,Martin County,NC,RL1,11,0.2418,9,0.1968,13,0.2918
001,0,Martin County,NC,RL1,2,0.0332,0,0.0059,13,0.2795
001,25,Martin County,NC,RL1,2,0.0332,0,0.0059,13,0.2795
001,50,Martin County,NC,RL1,2,0.0332,0,0.0059,13,0.2795
001,100,Martin County,NC,RL1,3,0.0557,0,0.0059,13,0.2836
001,150,Martin County,NC,RL1,5,0.1149,0,0.0091,13,0.2897
001,200,Martin County,NC,RL1,10,0.2314,3,0.0632,13,0.2938
001,300,Martin County,NC,RL1,11,0.2486,11,0.2368,14,0.3043
020,0,Martin County,NC,RL1,9,0.2072,1,0.0149,14,0.3128
020,25,Martin County,NC,RL1,10,0.2139,1,0.0155,14,0.3130
020,50,Martin County,NC,RL1,10,0.2208,1,0.0166,14,0.3130
020,100,Martin County,NC,RL1,11,0.2386,2,0.0378,14,0.3136
020,150,Martin County,NC,RL1,11,0.2520,4,0.0786,14,0.3154
020,200,Martin County,NC,RL1,12,0.2581,9,0.2095,14,0.3174
020,300,Martin County,NC,RL1,12,0.2709,11,0.2475,15,0.3234
100,0,Martin County,NC,RL1,12,0.2654,4,0.0991,15,0.3293
100,25,Martin County,NC,RL1,12,0.2661,5,0.1034,15,0.3293
100,50,Martin County,NC,RL1,12,0.2661,5,0.1077,15,0.3296
100,100,Martin County,NC,RL1,12,0.2669,6,0.1227,15,0.3300
100,150,Martin County,NC,RL1,12,0.2688,10,0.2126,15,0.3304
100,200,Martin County,NC,RL1,12,0.2743,11,0.2438,15,0.3320
100,300,Martin County,NC,RL1,13,0.2831,12,0.2687,16,0.3443
000,0,New Hanover County,NC,RL1,3,0.0336,2,0.0237,19,0.2492
000,25,New Hanover County,NC,RL1,4,0.0506,2,0.0250,20,0.2586
000,50,New Hanover County,NC,RL1,6,0.0721,2,0.0264,20,0.2649
000,100,New Hanover County,NC,RL1,9,0.1219,2,0.0308,21,0.2801
000,150,New Hanover County,NC,RL1,13,0.1637,5,0.0705,23,0.2946
000,200,New Hanover County,NC,RL1,15,0.1918,10,0.1314,24,0.3097
000,300,New Hanover County,NC,RL1,19,0.2418,15,0.1994,29,0.3802
001,0,New Hanover County,NC,RL1,8,0.0984,2,0.0277,21,0.2749
001,25,New Hanover County,NC,RL1,9,0.1229,2,0.0310,22,0.2829
001,50,New Hanover County,NC,RL1,11,0.1393,3,0.0438,22,0.2887
001,100,New Hanover County,NC,RL1,13,0.1726,7,0.0930,23,0.3018
001,150,New Hanover County,NC,RL1,16,0.2022,11,0.1431,24,0.3156
001,200,New Hanover County,NC,RL1,18,0.2299,13,0.1752,26,0.3359
001,300,New Hanover County,NC,RL1,21,0.2734,18,0.2313,34,0.4452
020,0,New Hanover County,NC,RL1,15,0.2003,10,0.1308,25,0.3319
020,25,New Hanover County,NC,RL1,17,0.2269,13,0.1695,26,0.3413
020,50,New Hanover County,NC,RL1,18,0.2382,15,0.1999,27,0.3542
020,100,New Hanover County,NC,RL1,19,0.2455,16,0.2059,33,0.4263
020,150,New Hanover County,NC,RL1,20,0.2656,17,0.2212,35,0.4621
020,200,New Hanover County,NC,RL1,23,0.2997,18,0.2359,39,0.5081
020,300,New Hanover County,NC,RL1,31,0.4008,21,0.2769,47,0.6071
100,0,New Hanover County,NC,RL1,18,0.2344,13,0.1696,30,0.3869
100,25,New Hanover County,NC,RL1,19,0.2533,17,0.2235,32,0.4235
100,50,New Hanover County,NC,RL1,20,0.2625,18,0.2298,34,0.4470
100,100,New Hanover County,NC,RL1,21,0.2763,18,0.2373,36,0.4692
100,150,New Hanover County,NC,RL1,23,0.2994,19,0.2426,39,0.5130
100,200,New Hanover County,NC,RL1,26,0.3442,19,0.2515,43,0.5610
100,300,New Hanover County,NC,RL1,36,0.4706,24,0.3095,50,0.6558
000,0,Northampton County,NC,RL1,0,0.0000,0,0.0000,1,0.0245
000,25,Northampton County,NC,RL1,0,0.0000,0,0.0000,1,0.0245
000,50,Northampton County,NC,RL1,0,0.0000,0,0.0000,1,0.0245
000,100,Northampton County,NC,RL1,0,0.0000,0,0.0000,1,0.0245
000,150,Northampton County,NC,RL1,0,0.0000,0,0.0000,1,0.0245
000,200,Northampton County,NC,RL1,0,0.0000,0,0.0000,1,0.0245
000,300,Northampton County,NC,RL1,0,0.0000,0,0.0000,1,0.0245
001,0,Northampton County,NC,RL1,0,0.0000,0,0.0000,1,0.0255
001,25,Northampton County,NC,RL1,0,0.0000,0,0.0000,1,0.0255
001,50,Northampton County,NC,RL1,0,0.0000,0,0.0000,1,0.0255
001,100,Northampton County,NC,RL1,0,0.0000,0,0.0000,1,0.0255
001,150,Northampton County,NC,RL1,0,0.0000,0,0.0000,1,0.0255
001,200,Northampton County,NC,RL1,0,0.0000,0,0.0000,1,0.0255
001,300,Northampton County,NC,RL1,0,0.0000,0,0.0000,1,0.0255
020,0,Northampton County,NC,RL1,0,0.0022,0,0.0000,1,0.0300
020,25,Northampton County,NC,RL1,0,0.0022,0,0.0000,1,0.0300
020,50,Northampton County,NC,RL1,0,0.0022,0,0.0000,1,0.0300
020,100,Northampton County,NC,RL1,0,0.0022,0,0.0000,1,0.0300
020,150,Northampton County,NC,RL1,0,0.0022,0,0.0000,1,0.0300
020,200,Northampton County,NC,RL1,0,0.0023,0,0.0000,2,0.0302
020,300,Northampton County,NC,RL1,0,0.0027,0,0.0000,2,0.0321
100,0,Northampton County,NC,RL1,0,0.0027,0,0.0000,2,0.0338
100,25,Northampton County,NC,RL1,0,0.0027,0,0.0000,2,0.0338
100,50,Northampton County,NC,RL1,0,0.0027,0,0.0000,2,0.0338
100,100,Northampton County,NC,RL1,0,0.0027,0,0.0000,2,0.0338
100,150,Northampton County,NC,RL1,0,0.0027,0,0.0000,2,0.0338
100,200,Northampton County,NC,RL1,0,0.0027,0,0.0000,2,0.0338
100,300,Northampton County,NC,RL1,0,0.0028,0,0.0020,2,0.0377
000,0,Onslow County,NC,RL1,0,0.0048,0,0.0000,1,0.1263
000,25,Onslow County,NC,RL1,0,0.0325,0,0.0000,1,0.1276
000,50,Onslow County,NC,RL1,0,0.0331,0,0.0000,1,0.1293
000,100,Onslow County,NC,RL1,0,0.0331,0,0.0319,2,0.1397
000,150,Onslow County,NC,RL1,0,0.0350,0,0.0331,2,0.1547
000,200,Onslow County,NC,RL1,0,0.0370,0,0.0337,2,0.1747
000,300,Onslow County,NC,RL1,1,0.0591,0,0.0390,2,0.2187
001,0,Onslow County,NC,RL1,0,0.0331,0,0.0048,2,0.1908
001,25,Onslow County,NC,RL1,0,0.0331,0,0.0048,2,0.1924
001,50,Onslow County,NC,RL1,0,0.0337,0,0.0325,2,0.1982
001,100,Onslow County,NC,RL1,0,0.0350,0,0.0331,2,0.2127
001,150,Onslow County,NC,RL1,0,0.0370,0,0.0337,3,0.2281
001,200,Onslow County,NC,RL1,0,0.0435,0,0.0350,3,0.2503
001,300,Onslow County,NC,RL1,1,0.0827,1,0.0469,3,0.2760
020,0,Onslow County,NC,RL1,0,0.0428,0,0.0350,4,0.3576
020,25,Onslow County,NC,RL1,1,0.0469,0,0.0358,4,0.3619
020,50,Onslow County,NC,RL1,1,0.0530,0,0.0362,4,0.3698
020,100,Onslow County,NC,RL1,1,0.0692,0,0.0396,4,0.3821
020,150,Onslow County,NC,RL1,1,0.0852,1,0.0469,4,0.3870
020,200,Onslow County,NC,RL1,1,0.1045,1,0.0623,4,0.3907
020,300,Onslow County,NC,RL1,1,0.1282,1,0.1022,5,0.4051
100,0,Onslow County,NC,RL1,1,0.0591,0,0.0377,5,0.4180
100,25,Onslow County,NC,RL1,1,0.0623,0,0.0390,5,0.4209
100,50,Onslow County,NC,RL1,1,0.0701,0,0.0402,5,0.4214
100,100,Onslow County,NC,RL1,1,0.0839,1,0.0462,5,0.4258
100,150,Onslow County,NC,RL1,1,0.1035,1,0.0585,5,0.4289
100,200,Onslow County,NC,RL1,1,0.1222,1,0.0746,5,0.4329
100,300,Onslow County,NC,RL1,1,0.1309,1,0.1174,5,0.4503
000,0,Pasquotank County,NC,RL1,0,0.0043,0,0.0043,4,0.2809
000,25,Pasquotank County,NC,RL1,1,0.0502,0,0.0043,4,0.3018
000,50,Pasquotank County,NC,RL1,2,0.1156,0,0.0043,5,0.3170
000,100,Pasquotank County,NC,RL1,3,0.1991,0,0.0053,6,0.3813
000,150,Pasquotank County,NC,RL1,4,0.2427,2,0.1406,7,0.4938
000,200,Pasquotank County,NC,RL1,5,0.3139,3,0.2167,9,0.6362
000,300,Pasquotank County,NC,RL1,8,0.5761,5,0.3461,12,0.8103
001,0,Pasquotank County,NC,RL1,1,0.1023,0,0.0043,6,0.4129
001,25,Pasquotank County,NC,RL1,2,0.1455,0,0.0043,6,0.4198
001,50,Pasquotank County,NC,RL1,3,0.1827,0,0.0043,6,0.4302
001,100,Pasquotank County,NC,RL1,3,0.2310,1,0.1018,7,0.5041
001,150,Pasquotank County,NC,RL1,4,0.2834,3,0.1967,9,0.6279
001,200,Pasquotank County,NC,RL1,6,0.4146,4,0.2449,11,0.7368
001,300,Pasquotank County,NC,RL1,10,0.6706,7,0.4795,14,0.9650
020,0,Pasquotank County,NC,RL1,6,0.4209,4,0.2480,14,0.9442
020,25,Pasquotank County,NC,RL1,6,0.4327,4,0.2543,14,0.9493
020,50,Pasquotank County,NC,RL1,7,0.4570,4,0.2657,14,0.9566
020,100,Pasquotank County,NC,RL1,8,0.5636,4,0.3036,14,0.9734
020,150,Pasquotank County,NC,RL1,10,0.6705,6,0.4036,14,0.9887
020,200,Pasquotank County,NC,RL1,11,0.7812,8,0.5520,14,0.9996
020,300,Pasquotank County,NC,RL1,14,0.9972,11,0.7674,14,1.0000
100,0,Pasquotank County,NC,RL1,9,0.5930,5,0.3299,14,0.9881
100,25,Pasquotank County,NC,RL1,9,0.6218,5,0.3578,14,0.9911
100,50,Pasquotank County,NC,RL1,10,0.6561,6,0.3861,14,0.9932
100,100,Pasquotank County,NC,RL1,11,0.7361,7,0.4740,14,0.9984
100,150,Pasquotank County,NC,RL1,12,0.8288,9,0.6036,14,1.0000
100,200,Pasquotank County,NC,RL1,14,0.9838,10,0.6885,14,1.0000
100,300,Pasquotank County,NC,RL1,14,1.0000,14,1.0000,14,1.0000
000,0,Perquimans County,NC,RL1,0,0.0042,0,0.0042,5,0.2855
000,25,Perquimans County,NC,RL1,0,0.0049,0,0.0042,5,0.2889
000,50,Perquimans County,NC,RL1,1,0.0304,0,0.0042,5,0.2916
000,100,Perquimans County,NC,RL1,1,0.0639,0,0.0043,5,0.3084
000,150,Perquimans County,NC,RL1,1,0.0775,1,0.0464,6,0.3324
000,200,Perquimans County,NC,RL1,2,0.0900,1,0.0667,6,0.3654
000,300,Perquimans County,NC,RL1,2,0.1364,2,0.0931,9,0.5462
001,0,Perquimans County,NC,RL1,0,0.0193,0,0.0042,9,0.5118
001,25,Perquimans County,NC,RL1,1,0.0528,0,0.0042,9,0.5133
001,50,Perquimans County,NC,RL1,1,0.0612,0,0.0042,9,0.5173
001,100,Perquimans County,NC,RL1,1,0.0748,0,0.0190,9,0.5295
001,150,Perquimans County,NC,RL1,2,0.0886,1,0.0635,9,0.5569
001,200,Perquimans County,NC,RL1,2,0.1065,1,0.0786,11,0.6249
001,300,Perquimans County,NC,RL1,3,0.2017,2,0.1127,15,0.8756
020,0,Perquimans County,NC,RL1,2,0.1209,1,0.0835,14,0.7983
020,25,Perquimans County,NC,RL1,2,0.1266,1,0.0861,14,0.8035
020,50,Perquimans County,NC,RL1,2,0.1345,1,0.0877,14,0.8272
020,100,Perquimans County,NC,RL1,3,0.1520,2,0.0908,15,0.8851
020,150,Perquimans County,NC,RL1,3,0.1944,2,0.1005,16,0.9604
020,200,Perquimans County,NC,RL1,6,0.3405,2,0.1214,17,0.9978
020,300,Perquimans County,NC,RL1,13,0.7387,5,0.3001,17,1.0000
100,0,Perquimans County,NC,RL1,3,0.1972,2,0.0929,16,0.9490
100,25,Perquimans County,NC,RL1,3,0.2024,2,0.0944,16,0.9584
100,50,Perquimans County,NC,RL1,4,0.2166,2,0.0964,16,0.9738
100,100,Perquimans County,NC,RL1,5,0.2816,2,0.1067,17,0.9880
100,150,Perquimans County,NC,RL1,7,0.4375,2,0.1264,17,1.0000
100,200,Perquimans County,NC,RL1,11,0.6527,3,0.1747,17,1.0000
100,300,Perquimans County,NC,RL1,17,0.9861,11,0.6471,17,1.0000
000,0,Pitt County,NC,RL1,0,0.0000,0,0.0000,6,0.0880
000,25,Pitt County,NC,RL1,0,0.0000,0,0.0000,6,0.0880
000,50,Pitt County,NC,RL1,0,0.0000,0,0.0000,6,0.0880
000,100,Pitt County,NC,RL1,0,0.0000,0,0.0000,6,0.0880
000,150,Pitt County,NC,RL1,0,0.0003,0,0.0000,6,0.0880
000,200,Pitt County,NC,RL1,0,0.0013,0,0.0000,6,0.0884
000,300,Pitt County,NC,RL1,0,0.0053,0,0.0013,6,0.0893
001,0,Pitt County,NC,RL1,0,0.0067,0,0.0000,10,0.1406
001,25,Pitt County,NC,RL1,0,0.0067,0,0.0000,10,0.1406
001,50,Pitt County,NC,RL1,0,0.0067,0,0.0000,10,0.1406
001,100,Pitt County,NC,RL1,0,0.0067,0,0.0000,10,0.1406
001,150,Pitt County,NC,RL1,0,0.0067,0,0.0003,10,0.1406
001,200,Pitt County,NC,RL1,0,0.0068,0,0.0012,10,0.1406
001,300,Pitt County,NC,RL1,1,0.0071,0,0.0052,10,0.1410
020,0,Pitt County,NC,RL1,3,0.0357,1,0.0079,19,0.2615
020,25,Pitt County,NC,RL1,3,0.0365,1,0.0079,19,0.2626
020,50,Pitt County,NC,RL1,3,0.0374,1,0.0081,19,0.2641
020,100,Pitt County,NC,RL1,3,0.0435,1,0.0092,19,0.2715
020,150,Pitt County,NC,RL1,4,0.0494,1,0.0103,20,0.2776
020,200,Pitt County,NC,RL1,5,0.0635,1,0.0131,20,0.2819
020,300,Pitt County,NC,RL1,6,0.0831,2,0.0293,21,0.2894
100,0,Pitt County,NC,RL1,6,0.0908,1,0.0188,22,0.3082
100,25,Pitt County,NC,RL1,7,0.0917,2,0.0214,22,0.3084
100,50,Pitt County,NC,RL1,7,0.0935,2,0.0238,22,0.3094
100,100,Pitt County,NC,RL1,7,0.1050,3,0.0369,22,0.3116
100,150,Pitt County,NC,RL1,8,0.1175,3,0.0412,22,0.3149
100,200,Pitt County,NC,RL1,9,0.1240,3,0.0485,23,0.3180
100,300,Pitt County,NC,RL1,10,0.1391,6,0.0786,23,0.3273
000,0,Sampson County,NC,RL1,0,0.0000,0,0.0000,0,0.0000
000,25,Sampson County,NC,RL1,0,0.0000,0,0.0000,0,0.0000
000,50,Sampson County,NC,RL1,0,0.0000,0,0.0000,0,0.0000
000,100,Sampson County,NC,RL1,0,0.0000,0,0.0000,0,0.0000
000,150,Sampson County,NC,RL1,0,0.0000,0,0.0000,0,0.0000
000,200,Sampson County,NC,RL1,0,0.0000,0,0.0000,0,0.0000
000,300,Sampson County,NC,RL1,0,0.0000,0,0.0000,0,0.0000
001,0,Sampson County,NC,RL1,0,0.0000,0,0.0000,0,0.0000
001,25,Sampson County,NC,RL1,0,0.0000,0,0.0000,0,0.0000
001,50,Sampson County,NC,RL1,0,0.0000,0,0.0000,0,0.0000
001,100,Sampson County,NC,RL1,0,0.0000,0,0.0000,0,0.0000
001,150,Sampson County,NC,RL1,0,0.0000,0,0.0000,0,0.0000
001,200,Sampson County,NC,RL1,0,0.0000,0,0.0000,0,0.0000
001,300,Sampson County,NC,RL1,0,0.0000,0,0.0000,0,0.0000
020,0,Sampson County,NC,RL1,0,0.0000,0,0.0000,0,0.0000
020,25,Sampson County,NC,RL1,0,0.0000,0,0.0000,0,0.0000
020,50,Sampson County,NC,RL1,0,0.0000,0,0.0000,0,0.0000
020,100,Sampson County,NC,RL1,0,0.0000,0,0.0000,0,0.0000
020,150,Sampson County,NC,RL1,0,0.0000,0,0.0000,0,0.0000
020,200,Sampson County,NC,RL1,0,0.0000,0,0.0000,0,0.0000
020,300,Sampson County,NC,RL1,0,0.0000,0,0.0000,0,0.0000
100,0,Sampson County,NC,RL1,0,0.0000,0,0.0000,0,0.0000
100,25,Sampson County,NC,RL1,0,0.0000,0,0.0000,0,0.0000
100,50,Sampson County,NC,RL1,0,0.0000,0,0.0000,0,0.0000
100,100,Sampson County,NC,RL1,0,0.0000,0,0.0000,0,0.0000
100,150,Sampson County,NC,RL1,0,0.0000,0,0.0000,0,0.0000
100,200,Sampson County,NC,RL1,0,0.0000,0,0.0000,0,0.0000
100,300,Sampson County,NC,RL1,0,0.0000,0,0.0000,0,0.0000
000,0,Washington County,NC,RL1,1,0.0243,1,0.0239,7,0.2924
000,25,Washington County,NC,RL1,1,0.0243,1,0.0239,7,0.2924
000,50,Washington County,NC,RL1,1,0.0243,1,0.0239,7,0.2924
000,100,Washington County,NC,RL1,1,0.0322,1,0.0240,7,0.3014
000,150,Washington County,NC,RL1,1,0.0580,1,0.0240,8,0.3160
000,200,Washington County,NC,RL1,2,0.0842,1,0.0366,8,0.3522
000,300,Washington County,NC,RL1,3,0.1344,2,0.0885,11,0.4541
001,0,Washington County,NC,RL1,1,0.0469,1,0.0239,9,0.3850
001,25,Washington County,NC,RL1,1,0.0469,1,0.0239,9,0.3850
001,50,Washington County,NC,RL1,1,0.0469,1,0.0239,9,0.3850
001,100,Washington County,NC,RL1,1,0.0552,1,0.0240,9,0.3880
001,150,Washington County,NC,RL1,2,0.0787,1,0.0306,10,0.4153
001,200,Washington County,NC,RL1,2,0.0964,1,0.0579,11,0.4718
001,300,Washington County,NC,RL1,4,0.1852,2,0.1038,14,0.5848
020,0,Washington County,NC,RL1,5,0.2062,1,0.0580,15,0.6138
020,25,Washington County,NC,RL1,5,0.2075,1,0.0580,15,0.6152
020,50,Washington County,NC,RL1,5,0.2110,1,0.0582,15,0.6174
020,100,Washington County,NC,RL1,5,0.2167,2,0.0660,15,0.6270
020,150,Washington County,NC,RL1,5,0.2240,2,0.0855,16,0.6526
020,200,Washington County,NC,RL1,6,0.2448,3,0.1043,17,0.6982
020,300,Washington County,NC,RL1,9,0.3794,4,0.1783,19,0.7885
100,0,Washington County,NC,RL1,7,0.2749,2,0.0901,17,0.7042
100,25,Washington County,NC,RL1,7,0.2762,2,0.0905,17,0.7070
100,50,Washington County,NC,RL1,7,0.2802,2,0.0940,17,0.7157
100,100,Washington County,NC,RL1,7,0.2857,3,0.1047,18,0.7354
100,150,Washington County,NC,RL1,7,0.3072,3,0.1175,18,0.7528
100,200,Washington County,NC,RL1,9,0.3758,4,0.1517,19,0.7867
100,300,Washington County,NC,RL1,13,0.5229,6,0.2560,21,0.8694
