GW,SLR,County,State,DBcode,Haz_value,Haz_pct,Min_value,Min_pct,Max_value,Max_pct
111,0,Beaufort County,NC,RL1,1,0.0069,1,0.0069,1,0.0069
111,25,Beaufort County,NC,RL1,1,0.0122,1,0.0122,1,0.0122
111,50,Beaufort County,NC,RL1,4,0.0318,4,0.0318,4,0.0318
111,100,Beaufort County,NC,RL1,9,0.0735,9,0.0735,9,0.0735
111,150,Beaufort County,NC,RL1,10,0.0893,10,0.0893,10,0.0893
111,200,Beaufort County,NC,RL1,12,0.0996,12,0.0996,12,0.0996
111,300,Beaufort County,NC,RL1,19,0.1631,19,0.1631,19,0.1631
000,0,Beaufort County,NC,RL1,0,0.0000,0,0.0000,0,0.0000
000,25,Beaufort County,NC,RL1,0,0.0000,0,0.0000,0,0.0000
000,50,Beaufort County,NC,RL1,0,0.0000,0,0.0000,0,0.0000
000,100,Beaufort County,NC,RL1,0,0.0000,0,0.0000,0,0.0000
000,150,Beaufort County,NC,RL1,0,0.0000,0,0.0000,0,0.0000
000,200,Beaufort County,NC,RL1,0,0.0000,0,0.0000,0,0.0000
000,300,Beaufort County,NC,RL1,0,0.0000,0,0.0000,0,0.0000
001,0,Beaufort County,NC,RL1,17,0.1474,7,0.0618,47,0.3965
001,25,Beaufort County,NC,RL1,17,0.1487,9,0.0726,46,0.3945
001,50,Beaufort County,NC,RL1,16,0.1341,7,0.0612,44,0.3789
001,100,Beaufort County,NC,RL1,12,0.1027,4,0.0320,41,0.3514
001,150,Beaufort County,NC,RL1,13,0.1107,5,0.0442,43,0.3644
001,200,Beaufort County,NC,RL1,18,0.1546,9,0.0808,44,0.3761
001,300,Beaufort County,NC,RL1,22,0.1875,18,0.1521,41,0.3517
102,0,Beaufort County,NC,RL1,15,0.1258,12,0.1002,28,0.2370
102,25,Beaufort County,NC,RL1,14,0.1200,10,0.0886,28,0.2387
102,50,Beaufort County,NC,RL1,14,0.1209,10,0.0894,28,0.2368
102,100,Beaufort County,NC,RL1,19,0.1591,14,0.1202,27,0.2337
102,150,Beaufort County,NC,RL1,20,0.1667,18,0.1569,25,0.2157
102,200,Beaufort County,NC,RL1,16,0.1393,17,0.1483,25,0.2089
102,300,Beaufort County,NC,RL1,13,0.1137,12,0.1017,26,0.2245
205,0,Beaufort County,NC,RL1,52,0.4445,36,0.3052,40,0.3400
205,25,Beaufort County,NC,RL1,53,0.4555,33,0.2836,40,0.3375
205,50,Beaufort County,NC,RL1,54,0.4628,36,0.3081,39,0.3361
205,100,Beaufort County,NC,RL1,51,0.4329,35,0.2965,38,0.3274
205,150,Beaufort County,NC,RL1,53,0.4535,28,0.2413,37,0.3188
205,200,Beaufort County,NC,RL1,44,0.3743,25,0.2151,36,0.3069
205,300,Beaufort County,NC,RL1,38,0.3280,19,0.1589,30,0.2544
111,0,Bertie County,NC,RL1,0,0.0000,0,0.0000,0,0.0000
111,25,Bertie County,NC,RL1,0,0.0000,0,0.0000,0,0.0000
111,50,Bertie County,NC,RL1,0,0.0000,0,0.0000,0,0.0000
111,100,Bertie County,NC,RL1,0,0.0000,0,0.0000,0,0.0000
111,150,Bertie County,NC,RL1,0,0.0000,0,0.0000,0,0.0000
111,200,Bertie County,NC,RL1,0,0.0000,0,0.0000,0,0.0000
111,300,Bertie County,NC,RL1,0,0.0000,0,0.0000,0,0.0000
000,0,Bertie County,NC,RL1,0,0.0000,0,0.0000,0,0.0000
000,25,Bertie County,NC,RL1,0,0.0000,0,0.0000,0,0.0000
000,50,Bertie County,NC,RL1,0,0.0000,0,0.0000,0,0.0000
000,100,Bertie County,NC,RL1,0,0.0000,0,0.0000,0,0.0000
000,150,Bertie County,NC,RL1,0,0.0000,0,0.0000,0,0.0000
000,200,Bertie County,NC,RL1,0,0.0000,0,0.0000,0,0.0000
000,300,Bertie County,NC,RL1,0,0.0000,0,0.0000,0,0.0000
001,0,Bertie County,NC,RL1,0,0.0000,0,0.0000,0,0.0000
001,25,Bertie County,NC,RL1,0,0.0000,0,0.0000,0,0.0000
001,50,Bertie County,NC,RL1,0,0.0000,0,0.0000,0,0.0000
001,100,Bertie County,NC,RL1,0,0.0000,0,0.0000,0,0.0000
001,150,Bertie County,NC,RL1,0,0.0000,0,0.0000,0,0.0000
001,200,Bertie County,NC,RL1,0,0.0000,0,0.0000,0,0.0000
001,300,Bertie County,NC,RL1,0,0.0000,0,0.0000,0,0.0000
102,0,Bertie County,NC,RL1,0,0.0000,0,0.0000,0,0.0000
102,25,Bertie County,NC,RL1,0,0.0000,0,0.0000,0,0.0000
102,50,Bertie County,NC,RL1,0,0.0000,0,0.0000,0,0.0000
102,100,Bertie County,NC,RL1,0,0.0000,0,0.0000,0,0.0000
102,150,Bertie County,NC,RL1,0,0.0000,0,0.0000,0,0.0000
102,200,Bertie County,NC,RL1,0,0.0000,0,0.0000,0,0.0000
102,300,Bertie County,NC,RL1,0,0.0000,0,0.0000,0,0.0000
205,0,Bertie County,NC,RL1,0,0.0000,0,0.0000,0,0.0000
205,25,Bertie County,NC,RL1,0,0.0000,0,0.0000,0,0.0000
205,50,Bertie County,NC,RL1,0,0.0000,0,0.0000,0,0.0000
205,100,Bertie County,NC,RL1,0,0.0000,0,0.0000,0,0.0000
205,150,Bertie County,NC,RL1,0,0.0000,0,0.0000,0,0.0000
205,200,Bertie County,NC,RL1,0,0.0000,0,0.0000,0,0.0000
205,300,Bertie County,NC,RL1,0,0.0000,0,0.0000,0,0.0000
111,0,Bladen County,NC,RL1,0,0.0000,0,0.0000,0,0.0000
111,25,Bladen County,NC,RL1,0,0.0000,0,0.0000,0,0.0000
111,50,Bladen County,NC,RL1,0,0.0000,0,0.0000,0,0.0000
111,100,Bladen County,NC,RL1,0,0.0000,0,0.0000,0,0.0000
111,150,Bladen County,NC,RL1,0,0.0000,0,0.0000,0,0.0000
111,200,Bladen County,NC,RL1,0,0.0000,0,0.0000,0,0.0000
111,300,Bladen County,NC,RL1,0,0.0000,0,0.0000,0,0.0000
000,0,Bladen County,NC,RL1,0,0.0000,0,0.0000,0,0.0000
000,25,Bladen County,NC,RL1,0,0.0000,0,0.0000,0,0.0000
000,50,Bladen County,NC,RL1,0,0.0000,0,0.0000,0,0.0000
000,100,Bladen County,NC,RL1,0,0.0000,0,0.0000,0,0.0000
000,150,Bladen County,NC,RL1,0,0.0000,0,0.0000,0,0.0000
000,200,Bladen County,NC,RL1,0,0.0000,0,0.0000,0,0.0000
000,300,Bladen County,NC,RL1,0,0.0000,0,0.0000,0,0.0000
001,0,Bladen County,NC,RL1,11,0.2971,0,0.0000,12,0.3069
001,25,Bladen County,NC,RL1,11,0.2971,0,0.0000,12,0.3069
001,50,Bladen County,NC,RL1,11,0.2971,0,0.0000,12,0.3069
001,100,Bladen County,NC,RL1,11,0.2971,0,0.0000,12,0.3069
001,150,Bladen County,NC,RL1,11,0.2971,0,0.0000,12,0.3069
001,200,Bladen County,NC,RL1,11,0.2971,0,0.0000,12,0.3069
001,300,Bladen County,NC,RL1,11,0.2971,0,0.0000,12,0.3069
102,0,Bladen County,NC,RL1,0,0.0090,0,0.0000,0,0.0067
102,25,Bladen County,NC,RL1,0,0.0090,0,0.0000,0,0.0067
102,50,Bladen County,NC,RL1,0,0.0090,0,0.0000,0,0.0067
102,100,Bladen County,NC,RL1,0,0.0090,0,0.0000,0,0.0067
102,150,Bladen County,NC,RL1,0,0.0090,0,0.0000,0,0.0067
102,200,Bladen County,NC,RL1,0,0.0090,0,0.0000,0,0.0067
102,300,Bladen County,NC,RL1,0,0.0090,0,0.0000,0,0.0067
205,0,Bladen County,NC,RL1,0,0.0072,11,0.2908,0,0.0079
205,25,Bladen County,NC,RL1,0,0.0072,11,0.2908,0,0.0079
205,50,Bladen County,NC,RL1,0,0.0072,11,0.2908,0,0.0079
205,100,Bladen County,NC,RL1,0,0.0072,11,0.2908,0,0.0079
205,150,Bladen County,NC,RL1,0,0.0072,11,0.2908,0,0.0079
205,200,Bladen County,NC,RL1,0,0.0072,11,0.2908,0,0.0079
205,300,Bladen County,NC,RL1,0,0.0072,11,0.2908,0,0.0079
111,0,Brunswick County,NC,RL1,0,0.0033,0,0.0033,0,0.0033
111,25,Brunswick County,NC,RL1,0,0.0041,0,0.0041,0,0.0041
111,50,Brunswick County,NC,RL1,0,0.0045,0,0.0045,0,0.0045
111,100,Brunswick County,NC,RL1,1,0.0062,1,0.0062,1,0.0062
111,150,Brunswick County,NC,RL1,1,0.0066,1,0.0066,1,0.0066
111,200,Brunswick County,NC,RL1,1,0.0085,1,0.0085,1,0.0085
111,300,Brunswick County,NC,RL1,1,0.0183,1,0.0183,1,0.0183
000,0,Brunswick County,NC,RL1,0,0.0002,0,0.0002,1,0.0129
000,25,Brunswick County,NC,RL1,0,0.0002,0,0.0002,1,0.0127
000,50,Brunswick County,NC,RL1,0,0.0002,0,0.0002,1,0.0104
000,100,Brunswick County,NC,RL1,0,0.0000,0,0.0000,1,0.0124
000,150,Brunswick County,NC,RL1,0,0.0000,0,0.0000,1,0.0124
000,200,Brunswick County,NC,RL1,0,0.0000,0,0.0000,1,0.0125
000,300,Brunswick County,NC,RL1,0,0.0000,0,0.0000,1,0.0125
001,0,Brunswick County,NC,RL1,59,0.7236,0,0.0035,76,0.9372
001,25,Brunswick County,NC,RL1,59,0.7234,0,0.0031,76,0.9376
001,50,Brunswick County,NC,RL1,59,0.7238,0,0.0032,77,0.9400
001,100,Brunswick County,NC,RL1,59,0.7243,0,0.0026,76,0.9365
001,150,Brunswick County,NC,RL1,59,0.7282,0,0.0051,76,0.9362
001,200,Brunswick County,NC,RL1,60,0.7309,1,0.0077,76,0.9354
001,300,Brunswick County,NC,RL1,59,0.7201,1,0.0168,76,0.9334
102,0,Brunswick County,NC,RL1,10,0.1259,3,0.0324,3,0.0325
102,25,Brunswick County,NC,RL1,10,0.1258,3,0.0334,3,0.0316
102,50,Brunswick County,NC,RL1,10,0.1254,3,0.0340,3,0.0314
102,100,Brunswick County,NC,RL1,10,0.1281,3,0.0357,3,0.0317
102,150,Brunswick County,NC,RL1,11,0.1301,3,0.0387,3,0.0324
102,200,Brunswick County,NC,RL1,11,0.1357,4,0.0464,3,0.0312
102,300,Brunswick County,NC,RL1,12,0.1441,7,0.0868,2,0.0274
205,0,Brunswick County,NC,RL1,11,0.1380,56,0.6885,1,0.0140
205,25,Brunswick County,NC,RL1,11,0.1380,56,0.6926,1,0.0140
205,50,Brunswick County,NC,RL1,11,0.1380,56,0.6918,1,0.0136
205,100,Brunswick County,NC,RL1,11,0.1337,62,0.7597,1,0.0131
205,150,Brunswick County,NC,RL1,10,0.1274,55,0.6801,1,0.0123
205,200,Brunswick County,NC,RL1,10,0.1173,55,0.6796,1,0.0122
205,300,Brunswick County,NC,RL1,9,0.1102,53,0.6443,1,0.0083
111,0,Camden County,NC,RL1,0,0.0139,0,0.0139,0,0.0139
111,25,Camden County,NC,RL1,0,0.0728,0,0.0728,0,0.0728
111,50,Camden County,NC,RL1,0,0.0786,0,0.0786,0,0.0786
111,100,Camden County,NC,RL1,2,0.2634,2,0.2634,2,0.2634
111,150,Camden County,NC,RL1,3,0.5378,3,0.5378,3,0.5378
111,200,Camden County,NC,RL1,6,0.9679,6,0.9679,6,0.9679
111,300,Camden County,NC,RL1,6,1.0000,6,1.0000,6,1.0000
000,0,Camden County,NC,RL1,0,0.0000,0,0.0000,0,0.0000
000,25,Camden County,NC,RL1,0,0.0000,0,0.0000,0,0.0000
000,50,Camden County,NC,RL1,0,0.0000,0,0.0000,0,0.0000
000,100,Camden County,NC,RL1,0,0.0000,0,0.0000,0,0.0000
000,150,Camden County,NC,RL1,0,0.0000,0,0.0000,0,0.0000
000,200,Camden County,NC,RL1,0,0.0000,0,0.0000,0,0.0000
000,300,Camden County,NC,RL1,0,0.0000,0,0.0000,0,0.0000
001,0,Camden County,NC,RL1,2,0.2926,1,0.2322,5,0.7873
001,25,Camden County,NC,RL1,2,0.3533,2,0.2748,4,0.7595
001,50,Camden County,NC,RL1,3,0.4544,2,0.4052,5,0.8278
001,100,Camden County,NC,RL1,3,0.6031,3,0.5387,4,0.7260
001,150,Camden County,NC,RL1,3,0.4564,3,0.4471,3,0.4622
001,200,Camden County,NC,RL1,0,0.0321,0,0.0321,0,0.0321
001,300,Camden County,NC,RL1,0,0.0000,0,0.0000,0,0.0000
102,0,Camden County,NC,RL1,4,0.6782,3,0.6065,1,0.1987
102,25,Camden County,NC,RL1,3,0.5725,4,0.6238,1,0.1677
102,50,Camden County,NC,RL1,3,0.4670,3,0.5027,1,0.0936
102,100,Camden County,NC,RL1,1,0.1335,1,0.1979,0,0.0106
102,150,Camden County,NC,RL1,0,0.0058,0,0.0151,0,0.0000
102,200,Camden County,NC,RL1,0,0.0000,0,0.0000,0,0.0000
102,300,Camden County,NC,RL1,0,0.0000,0,0.0000,0,0.0000
205,0,Camden County,NC,RL1,0,0.0153,1,0.1474,0,0.0000
205,25,Camden County,NC,RL1,0,0.0014,0,0.0287,0,0.0000
205,50,Camden County,NC,RL1,0,0.0000,0,0.0135,0,0.0000
205,100,Camden County,NC,RL1,0,0.0000,0,0.0000,0,0.0000
205,150,Camden County,NC,RL1,0,0.0000,0,0.0000,0,0.0000
205,200,Camden County,NC,RL1,0,0.0000,0,0.0000,0,0.0000
205,300,Camden County,NC,RL1,0,0.0000,0,0.0000,0,0.0000
111,0,Carteret County,NC,RL1,5,0.1398,5,0.1398,5,0.1398
111,25,Carteret County,NC,RL1,6,0.1688,6,0.1688,6,0.1688
111,50,Carteret County,NC,RL1,7,0.1957,7,0.1957,7,0.1957
111,100,Carteret County,NC,RL1,9,0.2473,9,0.2473,9,0.2473
111,150,Carteret County,NC,RL1,13,0.3608,13,0.3608,13,0.3608
111,200,Carteret County,NC,RL1,15,0.4064,15,0.4064,15,0.4064
111,300,Carteret County,NC,RL1,16,0.4347,16,0.4347,16,0.4347
000,0,Carteret County,NC,RL1,0,0.0000,0,0.0000,0,0.0000
000,25,Carteret County,NC,RL1,0,0.0000,0,0.0000,0,0.0000
000,50,Carteret County,NC,RL1,0,0.0000,0,0.0000,0,0.0000
000,100,Carteret County,NC,RL1,0,0.0000,0,0.0000,0,0.0000
000,150,Carteret County,NC,RL1,0,0.0000,0,0.0000,0,0.0002
000,200,Carteret County,NC,RL1,0,0.0006,0,0.0006,0,0.0006
000,300,Carteret County,NC,RL1,0,0.0000,0,0.0000,0,0.0000
001,0,Carteret County,NC,RL1,3,0.0905,3,0.0795,11,0.3071
001,25,Carteret County,NC,RL1,6,0.1519,5,0.1440,13,0.3487
001,50,Carteret County,NC,RL1,6,0.1697,6,0.1633,13,0.3597
001,100,Carteret County,NC,RL1,6,0.1593,6,0.1535,14,0.3873
001,150,Carteret County,NC,RL1,2,0.0667,2,0.0644,9,0.2503
001,200,Carteret County,NC,RL1,1,0.0352,1,0.0328,8,0.2287
001,300,Carteret County,NC,RL1,2,0.0678,2,0.0618,10,0.2594
102,0,Carteret County,NC,RL1,7,0.1851,7,0.1864,10,0.2824
102,25,Carteret County,NC,RL1,4,0.1019,4,0.1017,8,0.2158
102,50,Carteret County,NC,RL1,2,0.0633,2,0.0668,7,0.1837
102,100,Carteret County,NC,RL1,2,0.0425,1,0.0393,5,0.1389
102,150,Carteret County,NC,RL1,2,0.0472,1,0.0320,7,0.1862
102,200,Carteret County,NC,RL1,3,0.0729,2,0.0573,7,0.1952
102,300,Carteret County,NC,RL1,6,0.1569,5,0.1442,8,0.2085
205,0,Carteret County,NC,RL1,14,0.3831,10,0.2657,9,0.2361
205,25,Carteret County,NC,RL1,14,0.3897,10,0.2702,9,0.2344
205,50,Carteret County,NC,RL1,14,0.3857,10,0.2733,8,0.2300
205,100,Carteret County,NC,RL1,14,0.3909,10,0.2740,7,0.1972
205,150,Carteret County,NC,RL1,14,0.3919,10,0.2722,6,0.1757
205,200,Carteret County,NC,RL1,14,0.3904,9,0.2576,5,0.1444
205,300,Carteret County,NC,RL1,11,0.2936,7,0.1953,3,0.0727
111,0,Chowan County,NC,RL1,0,0.0000,0,0.0000,0,0.0000
111,25,Chowan County,NC,RL1,0,0.0000,0,0.0000,0,0.0000
111,50,Chowan County,NC,RL1,0,0.0000,0,0.0000,0,0.0000
111,100,Chowan County,NC,RL1,0,0.0000,0,0.0000,0,0.0000
111,150,Chowan County,NC,RL1,0,0.0000,0,0.0000,0,0.0000
111,200,Chowan County,NC,RL1,0,0.0000,0,0.0000,0,0.0000
111,300,Chowan County,NC,RL1,0,0.0066,0,0.0066,0,0.0066
000,0,Chowan County,NC,RL1,0,0.0000,0,0.0000,0,0.0000
000,25,Chowan County,NC,RL1,0,0.0000,0,0.0000,0,0.0000
000,50,Chowan County,NC,RL1,0,0.0000,0,0.0000,0,0.0000
000,100,Chowan County,NC,RL1,0,0.0000,0,0.0000,0,0.0000
000,150,Chowan County,NC,RL1,0,0.0000,0,0.0000,0,0.0000
000,200,Chowan County,NC,RL1,0,0.0000,0,0.0000,0,0.0000
000,300,Chowan County,NC,RL1,0,0.0000,0,0.0000,0,0.0000
001,0,Chowan County,NC,RL1,0,0.0000,0,0.0000,4,0.9252
001,25,Chowan County,NC,RL1,0,0.0000,0,0.0000,4,0.9252
001,50,Chowan County,NC,RL1,0,0.0000,0,0.0000,4,0.9252
001,100,Chowan County,NC,RL1,0,0.0002,0,0.0000,4,0.9285
001,150,Chowan County,NC,RL1,0,0.0104,0,0.0000,4,0.9320
001,200,Chowan County,NC,RL1,0,0.0417,0,0.0000,4,0.9346
001,300,Chowan County,NC,RL1,1,0.2238,0,0.0703,5,0.9763
102,0,Chowan County,NC,RL1,1,0.2923,0,0.0000,0,0.0443
102,25,Chowan County,NC,RL1,1,0.2981,0,0.0000,0,0.0484
102,50,Chowan County,NC,RL1,1,0.3028,0,0.0000,0,0.0503
102,100,Chowan County,NC,RL1,2,0.3235,0,0.0032,0,0.0649
102,150,Chowan County,NC,RL1,2,0.3809,0,0.0183,0,0.0614
102,200,Chowan County,NC,RL1,3,0.5470,0,0.0722,0,0.0588
102,300,Chowan County,NC,RL1,4,0.7509,1,0.2542,0,0.0104
205,0,Chowan County,NC,RL1,3,0.7076,5,0.9774,0,0.0304
205,25,Chowan County,NC,RL1,3,0.7018,5,0.9830,0,0.0263
205,50,Chowan County,NC,RL1,3,0.6971,5,0.9830,0,0.0244
205,100,Chowan County,NC,RL1,3,0.6762,5,0.9805,0,0.0065
205,150,Chowan County,NC,RL1,3,0.6086,5,0.9742,0,0.0065
205,200,Chowan County,NC,RL1,2,0.4112,4,0.9212,0,0.0065
205,300,Chowan County,NC,RL1,0,0.0186,3,0.6683,0,0.0065
111,0,Columbus County,NC,RL1,0,0.0000,0,0.0000,0,0.0000
111,25,Columbus County,NC,RL1,0,0.0000,0,0.0000,0,0.0000
111,50,Columbus County,NC,RL1,0,0.0000,0,0.0000,0,0.0000
111,100,Columbus County,NC,RL1,0,0.0000,0,0.0000,0,0.0000
111,150,Columbus County,NC,RL1,0,0.0000,0,0.0000,0,0.0000
111,200,Columbus County,NC,RL1,0,0.0004,0,0.0004,0,0.0004
111,300,Columbus County,NC,RL1,0,0.0036,0,0.0036,0,0.0036
000,0,Columbus County,NC,RL1,0,0.0006,0,0.0000,0,0.0062
000,25,Columbus County,NC,RL1,0,0.0006,0,0.0000,0,0.0062
000,50,Columbus County,NC,RL1,0,0.0006,0,0.0000,0,0.0062
000,100,Columbus County,NC,RL1,0,0.0006,0,0.0000,0,0.0060
000,150,Columbus County,NC,RL1,0,0.0006,0,0.0000,0,0.0062
000,200,Columbus County,NC,RL1,0,0.0006,0,0.0000,0,0.0062
000,300,Columbus County,NC,RL1,0,0.0006,0,0.0000,0,0.0062
001,0,Columbus County,NC,RL1,14,0.2554,1,0.0107,23,0.4106
001,25,Columbus County,NC,RL1,14,0.2553,1,0.0107,23,0.4106
001,50,Columbus County,NC,RL1,14,0.2553,1,0.0107,23,0.4106
001,100,Columbus County,NC,RL1,14,0.2553,1,0.0107,23,0.4130
001,150,Columbus County,NC,RL1,7,0.1314,1,0.0107,23,0.4106
001,200,Columbus County,NC,RL1,7,0.1314,1,0.0107,23,0.4104
001,300,Columbus County,NC,RL1,7,0.1316,1,0.0102,23,0.4101
102,0,Columbus County,NC,RL1,4,0.0648,1,0.0165,5,0.0894
102,25,Columbus County,NC,RL1,4,0.0648,1,0.0165,5,0.0894
102,50,Columbus County,NC,RL1,4,0.0648,1,0.0165,5,0.0894
102,100,Columbus County,NC,RL1,4,0.0648,1,0.0165,5,0.0813
102,150,Columbus County,NC,RL1,7,0.1198,1,0.0165,5,0.0894
102,200,Columbus County,NC,RL1,7,0.1200,1,0.0168,5,0.0900
102,300,Columbus County,NC,RL1,7,0.1222,1,0.0174,5,0.0885
205,0,Columbus County,NC,RL1,8,0.1427,5,0.0901,2,0.0442
205,25,Columbus County,NC,RL1,8,0.1428,5,0.0901,2,0.0442
205,50,Columbus County,NC,RL1,8,0.1428,5,0.0901,2,0.0442
205,100,Columbus County,NC,RL1,8,0.1428,5,0.0901,3,0.0501
205,150,Columbus County,NC,RL1,12,0.2115,5,0.0916,2,0.0442
205,200,Columbus County,NC,RL1,12,0.2115,5,0.0944,2,0.0435
205,300,Columbus County,NC,RL1,12,0.2116,6,0.1046,2,0.0420
111,0,Craven County,NC,RL1,1,0.0136,1,0.0136,1,0.0136
111,25,Craven County,NC,RL1,1,0.0151,1,0.0151,1,0.0151
111,50,Craven County,NC,RL1,2,0.0187,2,0.0187,2,0.0187
111,100,Craven County,NC,RL1,2,0.0249,2,0.0249,2,0.0249
111,150,Craven County,NC,RL1,4,0.0381,4,0.0381,4,0.0381
111,200,Craven County,NC,RL1,5,0.0474,5,0.0474,5,0.0474
111,300,Craven County,NC,RL1,15,0.1517,15,0.1517,15,0.1517
000,0,Craven County,NC,RL1,0,0.0007,0,0.0001,0,0.0013
000,25,Craven County,NC,RL1,0,0.0006,0,0.0000,0,0.0012
000,50,Craven County,NC,RL1,0,0.0006,0,0.0000,0,0.0012
000,100,Craven County,NC,RL1,0,0.0006,0,0.0000,0,0.0012
000,150,Craven County,NC,RL1,0,0.0011,0,0.0000,0,0.0011
000,200,Craven County,NC,RL1,0,0.0011,0,0.0007,0,0.0012
000,300,Craven County,NC,RL1,0,0.0000,0,0.0000,0,0.0002
001,0,Craven County,NC,RL1,13,0.1363,1,0.0103,68,0.6999
001,25,Craven County,NC,RL1,13,0.1376,1,0.0120,68,0.6995
001,50,Craven County,NC,RL1,15,0.1528,2,0.0161,68,0.6979
001,100,Craven County,NC,RL1,16,0.1622,3,0.0350,69,0.7036
001,150,Craven County,NC,RL1,19,0.1925,6,0.0599,68,0.6999
001,200,Craven County,NC,RL1,23,0.2387,11,0.1143,68,0.6995
001,300,Craven County,NC,RL1,18,0.1859,12,0.1191,60,0.6118
102,0,Craven County,NC,RL1,19,0.1926,6,0.0635,19,0.1903
102,25,Craven County,NC,RL1,19,0.1960,8,0.0778,19,0.1897
102,50,Craven County,NC,RL1,18,0.1806,9,0.0939,18,0.1877
102,100,Craven County,NC,RL1,20,0.2055,13,0.1372,17,0.1773
102,150,Craven County,NC,RL1,18,0.1876,17,0.1734,17,0.1704
102,200,Craven County,NC,RL1,14,0.1458,13,0.1344,16,0.1645
102,300,Craven County,NC,RL1,11,0.1170,6,0.0608,16,0.1610
205,0,Craven County,NC,RL1,59,0.6016,28,0.2847,9,0.0948
205,25,Craven County,NC,RL1,58,0.5958,27,0.2719,9,0.0944
205,50,Craven County,NC,RL1,58,0.5930,25,0.2547,9,0.0944
205,100,Craven County,NC,RL1,54,0.5572,21,0.2154,9,0.0929
205,150,Craven County,NC,RL1,53,0.5385,18,0.1848,9,0.0904
205,200,Craven County,NC,RL1,52,0.5280,24,0.2436,9,0.0873
205,300,Craven County,NC,RL1,51,0.5196,32,0.3226,7,0.0751
111,0,Currituck County,NC,RL1,0,0.0003,0,0.0003,0,0.0003
111,25,Currituck County,NC,RL1,0,0.0114,0,0.0114,0,0.0114
111,50,Currituck County,NC,RL1,0,0.0259,0,0.0259,0,0.0259
111,100,Currituck County,NC,RL1,1,0.0332,1,0.0332,1,0.0332
111,150,Currituck County,NC,RL1,5,0.3238,5,0.3238,5,0.3238
111,200,Currituck County,NC,RL1,11,0.6721,11,0.6721,11,0.6721
111,300,Currituck County,NC,RL1,14,0.9179,14,0.9179,14,0.9179
000,0,Currituck County,NC,RL1,0,0.0000,0,0.0000,0,0.0077
000,25,Currituck County,NC,RL1,0,0.0000,0,0.0000,0,0.0077
000,50,Currituck County,NC,RL1,0,0.0000,0,0.0000,0,0.0077
000,100,Currituck County,NC,RL1,0,0.0077,0,0.0000,0,0.0077
000,150,Currituck County,NC,RL1,0,0.0000,0,0.0000,0,0.0000
000,200,Currituck County,NC,RL1,0,0.0000,0,0.0000,0,0.0000
000,300,Currituck County,NC,RL1,0,0.0000,0,0.0000,0,0.0000
001,0,Currituck County,NC,RL1,9,0.5797,1,0.0831,14,0.8809
001,25,Currituck County,NC,RL1,8,0.5399,3,0.1898,14,0.8720
001,50,Currituck County,NC,RL1,10,0.6112,4,0.2819,14,0.8653
001,100,Currituck County,NC,RL1,12,0.7726,10,0.6259,14,0.8856
001,150,Currituck County,NC,RL1,8,0.5337,8,0.5123,10,0.6044
001,200,Currituck County,NC,RL1,4,0.2439,4,0.2303,4,0.2795
001,300,Currituck County,NC,RL1,1,0.0766,1,0.0757,1,0.0812
102,0,Currituck County,NC,RL1,6,0.3802,10,0.6226,2,0.1076
102,25,Currituck County,NC,RL1,6,0.4127,9,0.5922,2,0.1053
102,50,Currituck County,NC,RL1,5,0.3289,9,0.5437,2,0.0977
102,100,Currituck County,NC,RL1,2,0.1549,4,0.2539,1,0.0696
102,150,Currituck County,NC,RL1,2,0.1267,2,0.1439,1,0.0698
102,200,Currituck County,NC,RL1,1,0.0813,1,0.0912,1,0.0480
102,300,Currituck County,NC,RL1,0,0.0051,0,0.0061,0,0.0005
205,0,Currituck County,NC,RL1,1,0.0394,5,0.2935,0,0.0031
205,25,Currituck County,NC,RL1,1,0.0357,3,0.2062,0,0.0031
205,50,Currituck County,NC,RL1,1,0.0336,2,0.1481,0,0.0031
205,100,Currituck County,NC,RL1,0,0.0312,1,0.0865,0,0.0035
205,150,Currituck County,NC,RL1,0,0.0155,0,0.0196,0,0.0016
205,200,Currituck County,NC,RL1,0,0.0023,0,0.0061,0,0.0000
205,300,Currituck County,NC,RL1,0,0.0000,0,0.0000,0,0.0000
111,0,Duplin County,NC,RL1,0,0.0000,0,0.0000,0,0.0000
111,25,Duplin County,NC,RL1,0,0.0000,0,0.0000,0,0.0000
111,50,Duplin County,NC,RL1,0,0.0000,0,0.0000,0,0.0000
111,100,Duplin County,NC,RL1,0,0.0000,0,0.0000,0,0.0000
111,150,Duplin County,NC,RL1,0,0.0000,0,0.0000,0,0.0000
111,200,Duplin County,NC,RL1,0,0.0000,0,0.0000,0,0.0000
111,300,Duplin County,NC,RL1,0,0.0000,0,0.0000,0,0.0000
000,0,Duplin County,NC,RL1,0,0.0000,0,0.0000,0,0.0000
000,25,Duplin County,NC,RL1,0,0.0000,0,0.0000,0,0.0000
000,50,Duplin County,NC,RL1,0,0.0000,0,0.0000,0,0.0000
000,100,Duplin County,NC,RL1,0,0.0000,0,0.0000,0,0.0000
000,150,Duplin County,NC,RL1,0,0.0000,0,0.0000,0,0.0000
000,200,Duplin County,NC,RL1,0,0.0000,0,0.0000,0,0.0000
000,300,Duplin County,NC,RL1,0,0.0000,0,0.0000,0,0.0000
001,0,Duplin County,NC,RL1,14,0.2865,0,0.0000,16,0.3238
001,25,Duplin County,NC,RL1,14,0.2865,0,0.0000,16,0.3238
001,50,Duplin County,NC,RL1,14,0.2851,0,0.0000,16,0.3244
001,100,Duplin County,NC,RL1,14,0.2851,0,0.0000,16,0.3244
001,150,Duplin County,NC,RL1,14,0.2865,0,0.0000,16,0.3238
001,200,Duplin County,NC,RL1,14,0.2865,0,0.0000,16,0.3238
001,300,Duplin County,NC,RL1,14,0.2865,0,0.0000,16,0.3244
102,0,Duplin County,NC,RL1,2,0.0342,0,0.0000,0,0.0006
102,25,Duplin County,NC,RL1,2,0.0342,0,0.0000,0,0.0006
102,50,Duplin County,NC,RL1,2,0.0352,0,0.0000,0,0.0000
102,100,Duplin County,NC,RL1,2,0.0352,0,0.0000,0,0.0000
102,150,Duplin County,NC,RL1,2,0.0342,0,0.0000,0,0.0006
102,200,Duplin County,NC,RL1,2,0.0342,0,0.0000,0,0.0006
102,300,Duplin County,NC,RL1,2,0.0342,0,0.0000,0,0.0000
205,0,Duplin County,NC,RL1,0,0.0037,13,0.2736,0,0.0000
205,25,Duplin County,NC,RL1,0,0.0037,13,0.2736,0,0.0000
205,50,Duplin County,NC,RL1,0,0.0042,13,0.2731,0,0.0000
205,100,Duplin County,NC,RL1,0,0.0042,13,0.2731,0,0.0000
205,150,Duplin County,NC,RL1,0,0.0037,13,0.2736,0,0.0000
205,200,Duplin County,NC,RL1,0,0.0037,13,0.2736,0,0.0000
205,300,Duplin County,NC,RL1,0,0.0037,13,0.2736,0,0.0000
111,0,Edgecombe County,NC,RL1,0,0.0000,0,0.0000,0,0.0000
111,25,Edgecombe County,NC,RL1,0,0.0000,0,0.0000,0,0.0000
111,50,Edgecombe County,NC,RL1,0,0.0000,0,0.0000,0,0.0000
111,100,Edgecombe County,NC,RL1,0,0.0000,0,0.0000,0,0.0000
111,150,Edgecombe County,NC,RL1,0,0.0000,0,0.0000,0,0.0000
111,200,Edgecombe County,NC,RL1,0,0.0000,0,0.0000,0,0.0000
111,300,Edgecombe County,NC,RL1,0,0.0000,0,0.0000,0,0.0000
000,0,Edgecombe County,NC,RL1,0,0.0000,0,0.0000,0,0.0011
000,25,Edgecombe County,NC,RL1,0,0.0000,0,0.0000,0,0.0011
000,50,Edgecombe County,NC,RL1,0,0.0000,0,0.0000,0,0.0011
000,100,Edgecombe County,NC,RL1,0,0.0000,0,0.0000,0,0.0011
000,150,Edgecombe County,NC,RL1,0,0.0000,0,0.0000,0,0.0011
000,200,Edgecombe County,NC,RL1,0,0.0000,0,0.0000,0,0.0011
000,300,Edgecombe County,NC,RL1,0,0.0000,0,0.0000,0,0.0011
001,0,Edgecombe County,NC,RL1,5,0.1593,0,0.0112,14,0.4341
001,25,Edgecombe County,NC,RL1,5,0.1593,0,0.0112,14,0.4341
001,50,Edgecombe County,NC,RL1,5,0.1593,0,0.0112,14,0.4341
001,100,Edgecombe County,NC,RL1,5,0.1593,0,0.0112,14,0.4341
001,150,Edgecombe County,NC,RL1,5,0.1593,0,0.0112,14,0.4341
001,200,Edgecombe County,NC,RL1,5,0.1593,0,0.0112,14,0.4341
001,300,Edgecombe County,NC,RL1,5,0.1593,0,0.0112,14,0.4341
102,0,Edgecombe County,NC,RL1,3,0.0866,1,0.0230,3,0.0850
102,25,Edgecombe County,NC,RL1,3,0.0866,1,0.0230,3,0.0850
102,50,Edgecombe County,NC,RL1,3,0.0866,1,0.0230,3,0.0850
102,100,Edgecombe County,NC,RL1,3,0.0866,1,0.0230,3,0.0850
102,150,Edgecombe County,NC,RL1,3,0.0866,1,0.0230,3,0.0850
102,200,Edgecombe County,NC,RL1,3,0.0866,1,0.0230,3,0.0850
102,300,Edgecombe County,NC,RL1,3,0.0866,1,0.0230,3,0.0850
205,0,Edgecombe County,NC,RL1,6,0.1874,7,0.2088,2,0.0737
205,25,Edgecombe County,NC,RL1,6,0.1874,7,0.2088,2,0.0737
205,50,Edgecombe County,NC,RL1,6,0.1874,7,0.2088,2,0.0737
205,100,Edgecombe County,NC,RL1,6,0.1874,7,0.2088,2,0.0737
205,150,Edgecombe County,NC,RL1,6,0.1874,7,0.2088,2,0.0737
205,200,Edgecombe County,NC,RL1,6,0.1874,7,0.2088,2,0.0737
205,300,Edgecombe County,NC,RL1,6,0.1874,7,0.2088,2,0.0737
111,0,Greene County,NC,RL1,0,0.0000,0,0.0000,0,0.0000
111,25,Greene County,NC,RL1,0,0.0000,0,0.0000,0,0.0000
111,50,Greene County,NC,RL1,0,0.0000,0,0.0000,0,0.0000
111,100,Greene County,NC,RL1,0,0.0000,0,0.0000,0,0.0000
111,150,Greene County,NC,RL1,0,0.0000,0,0.0000,0,0.0000
111,200,Greene County,NC,RL1,0,0.0000,0,0.0000,0,0.0000
111,300,Greene County,NC,RL1,0,0.0000,0,0.0000,0,0.0000
000,0,Greene County,NC,RL1,0,0.0000,0,0.0000,0,0.0000
000,25,Greene County,NC,RL1,0,0.0000,0,0.0000,0,0.0000
000,50,Greene County,NC,RL1,0,0.0000,0,0.0000,0,0.0000
000,100,Greene County,NC,RL1,0,0.0000,0,0.0000,0,0.0000
000,150,Greene County,NC,RL1,0,0.0000,0,0.0000,0,0.0000
000,200,Greene County,NC,RL1,0,0.0000,0,0.0000,0,0.0000
000,300,Greene County,NC,RL1,0,0.0000,0,0.0000,0,0.0000
001,0,Greene County,NC,RL1,0,0.0000,0,0.0000,0,0.0000
001,25,Greene County,NC,RL1,0,0.0000,0,0.0000,0,0.0000
001,50,Greene County,NC,RL1,0,0.0000,0,0.0000,0,0.0000
001,100,Greene County,NC,RL1,0,0.0000,0,0.0000,0,0.0000
001,150,Greene County,NC,RL1,0,0.0000,0,0.0000,0,0.0000
001,200,Greene County,NC,RL1,0,0.0000,0,0.0000,0,0.0000
001,300,Greene County,NC,RL1,0,0.0000,0,0.0000,0,0.0000
102,0,Greene County,NC,RL1,0,0.0000,0,0.0000,0,0.0000
102,25,Greene County,NC,RL1,0,0.0000,0,0.0000,0,0.0000
102,50,Greene County,NC,RL1,0,0.0000,0,0.0000,0,0.0000
102,100,Greene County,NC,RL1,0,0.0000,0,0.0000,0,0.0000
102,150,Greene County,NC,RL1,0,0.0000,0,0.0000,0,0.0000
102,200,Greene County,NC,RL1,0,0.0000,0,0.0000,0,0.0000
102,300,Greene County,NC,RL1,0,0.0000,0,0.0000,0,0.0000
205,0,Greene County,NC,RL1,0,0.0000,0,0.0000,0,0.0000
205,25,Greene County,NC,RL1,0,0.0000,0,0.0000,0,0.0000
205,50,Greene County,NC,RL1,0,0.0000,0,0.0000,0,0.0000
205,100,Greene County,NC,RL1,0,0.0000,0,0.0000,0,0.0000
205,150,Greene County,NC,RL1,0,0.0000,0,0.0000,0,0.0000
205,200,Greene County,NC,RL1,0,0.0000,0,0.0000,0,0.0000
205,300,Greene County,NC,RL1,0,0.0000,0,0.0000,0,0.0000
111,0,Halifax County,NC,RL1,0,0.0000,0,0.0000,0,0.0000
111,25,Halifax County,NC,RL1,0,0.0000,0,0.0000,0,0.0000
111,50,Halifax County,NC,RL1,0,0.0000,0,0.0000,0,0.0000
111,100,Halifax County,NC,RL1,0,0.0000,0,0.0000,0,0.0000
111,150,Halifax County,NC,RL1,0,0.0000,0,0.0000,0,0.0000
111,200,Halifax County,NC,RL1,0,0.0000,0,0.0000,0,0.0000
111,300,Halifax County,NC,RL1,0,0.0000,0,0.0000,0,0.0000
000,0,Halifax County,NC,RL1,0,0.0000,0,0.0000,0,0.0000
000,25,Halifax County,NC,RL1,0,0.0000,0,0.0000,0,0.0000
000,50,Halifax County,NC,RL1,0,0.0000,0,0.0000,0,0.0000
000,100,Halifax County,NC,RL1,0,0.0000,0,0.0000,0,0.0000
000,150,Halifax County,NC,RL1,0,0.0000,0,0.0000,0,0.0000
000,200,Halifax County,NC,RL1,0,0.0000,0,0.0000,0,0.0000
000,300,Halifax County,NC,RL1,0,0.0000,0,0.0000,0,0.0000
001,0,Halifax County,NC,RL1,0,0.0000,0,0.0000,0,0.0000
001,25,Halifax County,NC,RL1,0,0.0000,0,0.0000,0,0.0000
001,50,Halifax County,NC,RL1,0,0.0000,0,0.0000,0,0.0000
001,100,Halifax County,NC,RL1,0,0.0000,0,0.0000,0,0.0000
001,150,Halifax County,NC,RL1,0,0.0000,0,0.0000,0,0.0000
001,200,Halifax County,NC,RL1,0,0.0000,0,0.0000,0,0.0000
001,300,Halifax County,NC,RL1,0,0.0000,0,0.0000,0,0.0000
102,0,Halifax County,NC,RL1,0,0.0000,0,0.0000,0,0.0000
102,25,Halifax County,NC,RL1,0,0.0000,0,0.0000,0,0.0000
102,50,Halifax County,NC,RL1,0,0.0000,0,0.0000,0,0.0000
102,100,Halifax County,NC,RL1,0,0.0000,0,0.0000,0,0.0000
102,150,Halifax County,NC,RL1,0,0.0000,0,0.0000,0,0.0000
102,200,Halifax County,NC,RL1,0,0.0000,0,0.0000,0,0.0000
102,300,Halifax County,NC,RL1,0,0.0000,0,0.0000,0,0.0000
205,0,Halifax County,NC,RL1,0,0.0000,0,0.0000,0,0.0000
205,25,Halifax County,NC,RL1,0,0.0000,0,0.0000,0,0.0000
205,50,Halifax County,NC,RL1,0,0.0000,0,0.0000,0,0.0000
205,100,Halifax County,NC,RL1,0,0.0000,0,0.0000,0,0.0000
205,150,Halifax County,NC,RL1,0,0.0000,0,0.0000,0,0.0000
205,200,Halifax County,NC,RL1,0,0.0000,0,0.0000,0,0.0000
205,300,Halifax County,NC,RL1,0,0.0000,0,0.0000,0,0.0000
111,0,Hertford County,NC,RL1,0,0.0000,0,0.0000,0,0.0000
111,25,Hertford County,NC,RL1,0,0.0000,0,0.0000,0,0.0000
111,50,Hertford County,NC,RL1,0,0.0000,0,0.0000,0,0.0000
111,100,Hertford County,NC,RL1,0,0.0000,0,0.0000,0,0.0000
111,150,Hertford County,NC,RL1,0,0.0000,0,0.0000,0,0.0000
111,200,Hertford County,NC,RL1,0,0.0000,0,0.0000,0,0.0000
111,300,Hertford County,NC,RL1,0,0.0000,0,0.0000,0,0.0000
000,0,Hertford County,NC,RL1,0,0.0000,0,0.0000,0,0.0000
000,25,Hertford County,NC,RL1,0,0.0000,0,0.0000,0,0.0000
000,50,Hertford County,NC,RL1,0,0.0000,0,0.0000,0,0.0000
000,100,Hertford County,NC,RL1,0,0.0000,0,0.0000,0,0.0000
000,150,Hertford County,NC,RL1,0,0.0000,0,0.0000,0,0.0000
000,200,Hertford County,NC,RL1,0,0.0000,0,0.0000,0,0.0000
000,300,Hertford County,NC,RL1,0,0.0000,0,0.0000,0,0.0000
001,0,Hertford County,NC,RL1,0,0.0084,0,0.0000,5,0.1612
001,25,Hertford County,NC,RL1,0,0.0084,0,0.0000,5,0.1636
001,50,Hertford County,NC,RL1,0,0.0084,0,0.0000,6,0.1662
001,100,Hertford County,NC,RL1,0,0.0084,0,0.0002,6,0.1696
001,150,Hertford County,NC,RL1,0,0.0086,0,0.0002,7,0.1981
001,200,Hertford County,NC,RL1,0,0.0086,0,0.0002,7,0.2071
001,300,Hertford County,NC,RL1,0,0.0086,0,0.0002,8,0.2352
102,0,Hertford County,NC,RL1,1,0.0246,0,0.0011,10,0.2894
102,25,Hertford County,NC,RL1,1,0.0246,0,0.0011,10,0.2941
102,50,Hertford County,NC,RL1,1,0.0246,0,0.0011,10,0.2963
102,100,Hertford County,NC,RL1,1,0.0248,0,0.0011,10,0.3037
102,150,Hertford County,NC,RL1,1,0.0246,0,0.0011,10,0.3006
102,200,Hertford County,NC,RL1,1,0.0247,0,0.0011,10,0.2982
102,300,Hertford County,NC,RL1,1,0.0262,0,0.0012,10,0.2966
205,0,Hertford County,NC,RL1,4,0.1251,1,0.0263,12,0.3703
205,25,Hertford County,NC,RL1,4,0.1255,1,0.0270,12,0.3639
205,50,Hertford County,NC,RL1,4,0.1257,1,0.0274,12,0.3614
205,100,Hertford County,NC,RL1,4,0.1267,1,0.0278,12,0.3560
205,150,Hertford County,NC,RL1,4,0.1277,1,0.0286,11,0.3360
205,200,Hertford County,NC,RL1,4,0.1287,1,0.0296,11,0.3367
205,300,Hertford County,NC,RL1,4,0.1321,1,0.0356,11,0.3254
111,0,Jones County,NC,RL1,0,0.0000,0,0.0000,0,0.0000
111,25,Jones County,NC,RL1,0,0.0000,0,0.0000,0,0.0000
111,50,Jones County,NC,RL1,0,0.0000,0,0.0000,0,0.0000
111,100,Jones County,NC,RL1,0,0.0000,0,0.0000,0,0.0000
111,150,Jones County,NC,RL1,0,0.0000,0,0.0000,0,0.0000
111,200,Jones County,NC,RL1,0,0.0000,0,0.0000,0,0.0000
111,300,Jones County,NC,RL1,0,0.0000,0,0.0000,0,0.0000
000,0,Jones County,NC,RL1,0,0.0000,0,0.0000,0,0.0000
000,25,Jones County,NC,RL1,0,0.0000,0,0.0000,0,0.0000
000,50,Jones County,NC,RL1,0,0.0000,0,0.0000,0,0.0000
000,100,Jones County,NC,RL1,0,0.0000,0,0.0000,0,0.0000
000,150,Jones County,NC,RL1,0,0.0000,0,0.0000,0,0.0000
000,200,Jones County,NC,RL1,0,0.0000,0,0.0000,0,0.0000
000,300,Jones County,NC,RL1,0,0.0000,0,0.0000,0,0.0000
001,0,Jones County,NC,RL1,1,0.2122,0,0.0000,2,0.5227
001,25,Jones County,NC,RL1,1,0.2122,0,0.0000,2,0.5227
001,50,Jones County,NC,RL1,1,0.2122,0,0.0000,2,0.5227
001,100,Jones County,NC,RL1,1,0.2122,0,0.0000,2,0.5227
001,150,Jones County,NC,RL1,1,0.2122,0,0.0000,2,0.5227
001,200,Jones County,NC,RL1,1,0.2122,0,0.0000,2,0.5227
001,300,Jones County,NC,RL1,1,0.2122,0,0.0000,2,0.5227
102,0,Jones County,NC,RL1,1,0.1674,0,0.0000,1,0.2957
102,25,Jones County,NC,RL1,1,0.1674,0,0.0000,1,0.2957
102,50,Jones County,NC,RL1,1,0.1674,0,0.0000,1,0.2957
102,100,Jones County,NC,RL1,1,0.1674,0,0.0000,1,0.2957
102,150,Jones County,NC,RL1,1,0.1674,0,0.0000,1,0.2957
102,200,Jones County,NC,RL1,1,0.1674,0,0.0000,1,0.2957
102,300,Jones County,NC,RL1,1,0.1674,0,0.0000,1,0.2957
205,0,Jones County,NC,RL1,3,0.5823,0,0.0163,1,0.1798
205,25,Jones County,NC,RL1,3,0.5823,0,0.0163,1,0.1798
205,50,Jones County,NC,RL1,3,0.5823,0,0.0163,1,0.1798
205,100,Jones County,NC,RL1,3,0.5823,0,0.0163,1,0.1798
205,150,Jones County,NC,RL1,3,0.5823,0,0.0177,1,0.1798
205,200,Jones County,NC,RL1,3,0.5823,0,0.0191,1,0.1798
205,300,Jones County,NC,RL1,3,0.5823,0,0.0214,1,0.1798
111,0,Lenoir County,NC,RL1,0,0.0000,0,0.0000,0,0.0000
111,25,Lenoir County,NC,RL1,0,0.0000,0,0.0000,0,0.0000
111,50,Lenoir County,NC,RL1,0,0.0000,0,0.0000,0,0.0000
111,100,Lenoir County,NC,RL1,0,0.0000,0,0.0000,0,0.0000
111,150,Lenoir County,NC,RL1,0,0.0000,0,0.0000,0,0.0000
111,200,Lenoir County,NC,RL1,0,0.0000,0,0.0000,0,0.0000
111,300,Lenoir County,NC,RL1,0,0.0000,0,0.0000,0,0.0000
000,0,Lenoir County,NC,RL1,0,0.0030,0,0.0000,0,0.0060
000,25,Lenoir County,NC,RL1,0,0.0030,0,0.0000,0,0.0061
000,50,Lenoir County,NC,RL1,0,0.0030,0,0.0000,0,0.0061
000,100,Lenoir County,NC,RL1,0,0.0030,0,0.0000,0,0.0060
000,150,Lenoir County,NC,RL1,0,0.0030,0,0.0000,0,0.0061
000,200,Lenoir County,NC,RL1,0,0.0030,0,0.0000,0,0.0061
000,300,Lenoir County,NC,RL1,0,0.0030,0,0.0000,0,0.0061
001,0,Lenoir County,NC,RL1,5,0.1211,1,0.0142,25,0.5516
001,25,Lenoir County,NC,RL1,5,0.1211,1,0.0142,25,0.5517
001,50,Lenoir County,NC,RL1,5,0.1218,1,0.0142,25,0.5517
001,100,Lenoir County,NC,RL1,5,0.1218,1,0.0142,25,0.5516
001,150,Lenoir County,NC,RL1,5,0.1211,1,0.0142,25,0.5517
001,200,Lenoir County,NC,RL1,5,0.1211,1,0.0143,25,0.5517
001,300,Lenoir County,NC,RL1,5,0.1211,1,0.0145,25,0.5517
102,0,Lenoir County,NC,RL1,4,0.0830,3,0.0580,8,0.1799
102,25,Lenoir County,NC,RL1,4,0.0830,3,0.0579,8,0.1797
102,50,Lenoir County,NC,RL1,4,0.0820,3,0.0581,8,0.1797
102,100,Lenoir County,NC,RL1,4,0.0820,3,0.0581,8,0.1799
102,150,Lenoir County,NC,RL1,4,0.0830,3,0.0581,8,0.1797
102,200,Lenoir County,NC,RL1,4,0.0830,3,0.0580,8,0.1797
102,300,Lenoir County,NC,RL1,4,0.0830,3,0.0581,8,0.1797
205,0,Lenoir County,NC,RL1,17,0.3853,9,0.1970,6,0.1452
205,25,Lenoir County,NC,RL1,17,0.3853,9,0.1972,6,0.1443
205,50,Lenoir County,NC,RL1,17,0.3856,9,0.1969,6,0.1443
205,100,Lenoir County,NC,RL1,17,0.3856,9,0.1969,6,0.1452
205,150,Lenoir County,NC,RL1,17,0.3853,9,0.1971,6,0.1443
205,200,Lenoir County,NC,RL1,17,0.3853,9,0.1971,6,0.1443
205,300,Lenoir County,NC,RL1,17,0.3853,9,0.1970,6,0.1443
111,0,Martin County,NC,RL1,0,0.0000,0,0.0000,0,0.0000
111,25,Martin County,NC,RL1,0,0.0052,0,0.0052,0,0.0052
111,50,Martin County,NC,RL1,1,0.0141,1,0.0141,1,0.0141
111,100,Martin County,NC,RL1,2,0.0457,2,0.0457,2,0.0457
111,150,Martin County,NC,RL1,4,0.0894,4,0.0894,4,0.0894
111,200,Martin County,NC,RL1,9,0.1973,9,0.1973,9,0.1973
111,300,Martin County,NC,RL1,12,0.2542,12,0.2542,12,0.2542
000,0,Martin County,NC,RL1,0,0.0001,0,0.0001,0,0.0100
000,25,Martin County,NC,RL1,0,0.0001,0,0.0001,0,0.0100
000,50,Martin County,NC,RL1,0,0.0001,0,0.0001,0,0.0100
000,100,Martin County,NC,RL1,0,0.0001,0,0.0001,0,0.0100
000,150,Martin County,NC,RL1,0,0.0001,0,0.0001,0,0.0100
000,200,Martin County,NC,RL1,0,0.0000,0,0.0000,0,0.0099
000,300,Martin County,NC,RL1,0,0.0000,0,0.0000,0,0.0099
001,0,Martin County,NC,RL1,2,0.0391,1,0.0156,12,0.2542
001,25,Martin County,NC,RL1,3,0.0573,1,0.0315,12,0.2740
001,50,Martin County,NC,RL1,5,0.1117,3,0.0710,14,0.2996
001,100,Martin County,NC,RL1,8,0.1857,7,0.1445,13,0.2955
001,150,Martin County,NC,RL1,7,0.1635,7,0.1482,12,0.2575
001,200,Martin County,NC,RL1,3,0.0634,2,0.0486,7,0.1539
001,300,Martin County,NC,RL1,1,0.0209,0,0.0041,5,0.1107
102,0,Martin County,NC,RL1,10,0.2256,9,0.1943,8,0.1804
102,25,Martin County,NC,RL1,9,0.2070,9,0.1997,7,0.1562
102,50,Martin County,NC,RL1,7,0.1478,7,0.1590,6,0.1230
102,100,Martin County,NC,RL1,2,0.0482,3,0.0584,4,0.0971
102,150,Martin County,NC,RL1,1,0.0286,1,0.0155,4,0.0953
102,200,Martin County,NC,RL1,1,0.0246,1,0.0115,4,0.0939
102,300,Martin County,NC,RL1,1,0.0174,0,0.0078,4,0.0889
205,0,Martin County,NC,RL1,6,0.1360,4,0.0851,12,0.2581
205,25,Martin County,NC,RL1,6,0.1316,3,0.0589,12,0.2573
205,50,Martin County,NC,RL1,6,0.1276,2,0.0516,12,0.2561
205,100,Martin County,NC,RL1,6,0.1250,2,0.0501,12,0.2573
205,150,Martin County,NC,RL1,6,0.1273,2,0.0477,12,0.2583
205,200,Martin County,NC,RL1,6,0.1325,2,0.0489,12,0.2613
205,300,Martin County,NC,RL1,8,0.1713,3,0.0707,12,0.2676
111,0,New Hanover County,NC,RL1,4,0.0459,4,0.0459,4,0.0459
111,25,New Hanover County,NC,RL1,4,0.0571,4,0.0571,4,0.0571
111,50,New Hanover County,NC,RL1,6,0.0821,6,0.0821,6,0.0821
111,100,New Hanover County,NC,RL1,11,0.1459,11,0.1459,11,0.1459
111,150,New Hanover County,NC,RL1,14,0.1802,14,0.1802,14,0.1802
111,200,New Hanover County,NC,RL1,16,0.2135,16,0.2135,16,0.2135
111,300,New Hanover County,NC,RL1,20,0.2578,20,0.2578,20,0.2578
000,0,New Hanover County,NC,RL1,1,0.0171,0,0.0000,12,0.1546
000,25,New Hanover County,NC,RL1,1,0.0175,0,0.0000,12,0.1544
000,50,New Hanover County,NC,RL1,1,0.0176,0,0.0001,12,0.1561
000,100,New Hanover County,NC,RL1,1,0.0114,0,0.0000,8,0.0984
000,150,New Hanover County,NC,RL1,1,0.0114,0,0.0012,7,0.0914
000,200,New Hanover County,NC,RL1,1,0.0099,0,0.0000,6,0.0841
000,300,New Hanover County,NC,RL1,1,0.0105,0,0.0015,6,0.0749
001,0,New Hanover County,NC,RL1,45,0.5917,24,0.3162,54,0.7051
001,25,New Hanover County,NC,RL1,45,0.5827,24,0.3149,53,0.6969
001,50,New Hanover County,NC,RL1,43,0.5583,20,0.2670,52,0.6727
001,100,New Hanover County,NC,RL1,39,0.5106,16,0.2141,51,0.6715
001,150,New Hanover County,NC,RL1,37,0.4889,15,0.1977,50,0.6515
001,200,New Hanover County,NC,RL1,36,0.4637,14,0.1890,48,0.6262
001,300,New Hanover County,NC,RL1,34,0.4383,15,0.2017,47,0.6094
102,0,New Hanover County,NC,RL1,7,0.0906,7,0.0950,4,0.0553
102,25,New Hanover County,NC,RL1,7,0.0908,7,0.0908,4,0.0537
102,50,New Hanover County,NC,RL1,7,0.0925,9,0.1145,4,0.0547
102,100,New Hanover County,NC,RL1,7,0.0871,9,0.1135,4,0.0505
102,150,New Hanover County,NC,RL1,6,0.0836,8,0.1075,4,0.0477
102,200,New Hanover County,NC,RL1,8,0.0980,8,0.1014,4,0.0522
102,300,New Hanover County,NC,RL1,10,0.1335,8,0.1035,4,0.0458
205,0,New Hanover County,NC,RL1,16,0.2053,23,0.2962,3,0.0390
205,25,New Hanover County,NC,RL1,16,0.2035,23,0.3011,3,0.0378
205,50,New Hanover County,NC,RL1,16,0.2038,25,0.3214,3,0.0344
205,100,New Hanover County,NC,RL1,16,0.2048,26,0.3450,3,0.0337
205,150,New Hanover County,NC,RL1,15,0.1991,28,0.3650,2,0.0293
205,200,New Hanover County,NC,RL1,14,0.1805,28,0.3648,2,0.0239
205,300,New Hanover County,NC,RL1,10,0.1318,26,0.3340,1,0.0121
111,0,Northampton County,NC,RL1,0,0.0000,0,0.0000,0,0.0000
111,25,Northampton County,NC,RL1,0,0.0000,0,0.0000,0,0.0000
111,50,Northampton County,NC,RL1,0,0.0000,0,0.0000,0,0.0000
111,100,Northampton County,NC,RL1,0,0.0000,0,0.0000,0,0.0000
111,150,Northampton County,NC,RL1,0,0.0000,0,0.0000,0,0.0000
111,200,Northampton County,NC,RL1,0,0.0000,0,0.0000,0,0.0000
111,300,Northampton County,NC,RL1,0,0.0000,0,0.0000,0,0.0000
000,0,Northampton County,NC,RL1,0,0.0002,0,0.0000,0,0.0002
000,25,Northampton County,NC,RL1,0,0.0002,0,0.0000,0,0.0002
000,50,Northampton County,NC,RL1,0,0.0002,0,0.0000,0,0.0002
000,100,Northampton County,NC,RL1,0,0.0002,0,0.0000,0,0.0002
000,150,Northampton County,NC,RL1,0,0.0002,0,0.0000,0,0.0002
000,200,Northampton County,NC,RL1,0,0.0002,0,0.0000,0,0.0002
000,300,Northampton County,NC,RL1,0,0.0002,0,0.0000,0,0.0002
001,0,Northampton County,NC,RL1,0,0.0019,0,0.0018,1,0.0280
001,25,Northampton County,NC,RL1,0,0.0019,0,0.0018,1,0.0280
001,50,Northampton County,NC,RL1,0,0.0019,0,0.0018,1,0.0280
001,100,Northampton County,NC,RL1,0,0.0019,0,0.0018,1,0.0280
001,150,Northampton County,NC,RL1,0,0.0019,0,0.0018,1,0.0280
001,200,Northampton County,NC,RL1,0,0.0019,0,0.0018,1,0.0280
001,300,Northampton County,NC,RL1,0,0.0019,0,0.0018,1,0.0280
102,0,Northampton County,NC,RL1,0,0.0056,0,0.0034,1,0.0118
102,25,Northampton County,NC,RL1,0,0.0056,0,0.0034,1,0.0118
102,50,Northampton County,NC,RL1,0,0.0056,0,0.0034,1,0.0118
102,100,Northampton County,NC,RL1,0,0.0056,0,0.0034,1,0.0118
102,150,Northampton County,NC,RL1,0,0.0056,0,0.0034,1,0.0118
102,200,Northampton County,NC,RL1,0,0.0056,0,0.0034,1,0.0118
102,300,Northampton County,NC,RL1,0,0.0056,0,0.0034,1,0.0118
205,0,Northampton County,NC,RL1,2,0.0302,2,0.0305,2,0.0342
205,25,Northampton County,NC,RL1,2,0.0302,2,0.0305,2,0.0342
205,50,Northampton County,NC,RL1,2,0.0302,2,0.0305,2,0.0342
205,100,Northampton County,NC,RL1,2,0.0302,2,0.0305,2,0.0342
205,150,Northampton County,NC,RL1,2,0.0302,2,0.0305,2,0.0342
205,200,Northampton County,NC,RL1,2,0.0302,2,0.0305,2,0.0342
205,300,Northampton County,NC,RL1,2,0.0302,2,0.0305,2,0.0342
111,0,Onslow County,NC,RL1,0,0.0105,0,0.0105,0,0.0105
111,25,Onslow County,NC,RL1,0,0.0348,0,0.0348,0,0.0348
111,50,Onslow County,NC,RL1,0,0.0348,0,0.0348,0,0.0348
111,100,Onslow County,NC,RL1,0,0.0436,0,0.0436,0,0.0436
111,150,Onslow County,NC,RL1,1,0.0450,1,0.0450,1,0.0450
111,200,Onslow County,NC,RL1,1,0.0518,1,0.0518,1,0.0518
111,300,Onslow County,NC,RL1,1,0.0546,1,0.0546,1,0.0546
000,0,Onslow County,NC,RL1,0,0.0000,0,0.0000,0,0.0000
000,25,Onslow County,NC,RL1,0,0.0000,0,0.0000,0,0.0000
000,50,Onslow County,NC,RL1,0,0.0000,0,0.0000,0,0.0000
000,100,Onslow County,NC,RL1,0,0.0000,0,0.0000,0,0.0000
000,150,Onslow County,NC,RL1,0,0.0000,0,0.0000,0,0.0000
000,200,Onslow County,NC,RL1,0,0.0000,0,0.0000,0,0.0000
000,300,Onslow County,NC,RL1,0,0.0000,0,0.0000,0,0.0000
001,0,Onslow County,NC,RL1,0,0.0241,0,0.0241,6,0.4968
001,25,Onslow County,NC,RL1,0,0.0020,0,0.0020,5,0.4747
001,50,Onslow County,NC,RL1,0,0.0020,0,0.0020,5,0.4747
001,100,Onslow County,NC,RL1,0,0.0001,0,0.0001,5,0.4720
001,150,Onslow County,NC,RL1,0,0.0070,0,0.0066,5,0.4813
001,200,Onslow County,NC,RL1,0,0.0130,0,0.0130,6,0.4889
001,300,Onslow County,NC,RL1,0,0.0364,0,0.0364,6,0.5219
102,0,Onslow County,NC,RL1,0,0.0161,0,0.0112,3,0.2512
102,25,Onslow County,NC,RL1,0,0.0151,0,0.0112,3,0.2509
102,50,Onslow County,NC,RL1,0,0.0188,0,0.0162,3,0.2577
102,100,Onslow County,NC,RL1,0,0.0239,0,0.0215,3,0.2602
102,150,Onslow County,NC,RL1,0,0.0253,0,0.0218,3,0.2591
102,200,Onslow County,NC,RL1,0,0.0299,0,0.0265,3,0.2664
102,300,Onslow County,NC,RL1,0,0.0363,0,0.0310,3,0.2615
205,0,Onslow County,NC,RL1,2,0.1442,1,0.0798,3,0.2412
205,25,Onslow County,NC,RL1,2,0.1439,1,0.0785,3,0.2392
205,50,Onslow County,NC,RL1,2,0.1446,1,0.0746,3,0.2324
205,100,Onslow County,NC,RL1,2,0.1491,1,0.0729,3,0.2239
205,150,Onslow County,NC,RL1,2,0.1470,1,0.0787,2,0.2142
205,200,Onslow County,NC,RL1,2,0.1350,1,0.0870,2,0.1925
205,300,Onslow County,NC,RL1,1,0.1243,1,0.0760,2,0.1617
111,0,Pasquotank County,NC,RL1,2,0.1668,2,0.1668,2,0.1668
111,25,Pasquotank County,NC,RL1,3,0.1912,3,0.1912,3,0.1912
111,50,Pasquotank County,NC,RL1,3,0.2346,3,0.2346,3,0.2346
111,100,Pasquotank County,NC,RL1,4,0.2631,4,0.2631,4,0.2631
111,150,Pasquotank County,NC,RL1,5,0.3623,5,0.3623,5,0.3623
111,200,Pasquotank County,NC,RL1,6,0.4429,6,0.4429,6,0.4429
111,300,Pasquotank County,NC,RL1,9,0.6461,9,0.6461,9,0.6461
000,0,Pasquotank County,NC,RL1,0,0.0000,0,0.0000,0,0.0000
000,25,Pasquotank County,NC,RL1,0,0.0000,0,0.0000,0,0.0000
000,50,Pasquotank County,NC,RL1,0,0.0000,0,0.0000,0,0.0000
000,100,Pasquotank County,NC,RL1,0,0.0000,0,0.0000,0,0.0000
000,150,Pasquotank County,NC,RL1,0,0.0000,0,0.0000,0,0.0000
000,200,Pasquotank County,NC,RL1,0,0.0000,0,0.0000,0,0.0000
000,300,Pasquotank County,NC,RL1,0,0.0000,0,0.0000,0,0.0000
001,0,Pasquotank County,NC,RL1,5,0.3118,1,0.1021,12,0.7963
001,25,Pasquotank County,NC,RL1,5,0.3159,1,0.1028,11,0.7737
001,50,Pasquotank County,NC,RL1,4,0.2892,1,0.1019,11,0.7347
001,100,Pasquotank County,NC,RL1,5,0.3694,3,0.1970,10,0.7190
001,150,Pasquotank County,NC,RL1,6,0.4076,2,0.1460,9,0.6281
001,200,Pasquotank County,NC,RL1,6,0.3854,2,0.1648,8,0.5528
001,300,Pasquotank County,NC,RL1,5,0.3453,4,0.3077,5,0.3519
102,0,Pasquotank County,NC,RL1,7,0.4718,4,0.2975,1,0.0349
102,25,Pasquotank County,NC,RL1,6,0.4433,4,0.2914,0,0.0331
102,50,Pasquotank County,NC,RL1,6,0.4275,4,0.2724,0,0.0286
102,100,Pasquotank County,NC,RL1,5,0.3248,3,0.2049,0,0.0159
102,150,Pasquotank County,NC,RL1,3,0.2232,4,0.3041,0,0.0076
102,200,Pasquotank County,NC,RL1,2,0.1697,5,0.3793,0,0.0023
102,300,Pasquotank County,NC,RL1,0,0.0067,1,0.0443,0,0.0000
205,0,Pasquotank County,NC,RL1,1,0.0476,6,0.4316,0,0.0000
205,25,Pasquotank County,NC,RL1,1,0.0476,6,0.4126,0,0.0000
205,50,Pasquotank County,NC,RL1,1,0.0467,6,0.3890,0,0.0000
205,100,Pasquotank County,NC,RL1,1,0.0406,5,0.3330,0,0.0000
205,150,Pasquotank County,NC,RL1,0,0.0049,3,0.1856,0,0.0000
205,200,Pasquotank County,NC,RL1,0,0.0000,0,0.0110,0,0.0000
205,300,Pasquotank County,NC,RL1,0,0.0000,0,0.0000,0,0.0000
111,0,Perquimans County,NC,RL1,0,0.0121,0,0.0121,0,0.0121
111,25,Perquimans County,NC,RL1,1,0.0638,1,0.0638,1,0.0638
111,50,Perquimans County,NC,RL1,1,0.0690,1,0.0690,1,0.0690
111,100,Perquimans County,NC,RL1,2,0.0898,2,0.0898,2,0.0898
111,150,Perquimans County,NC,RL1,2,0.0937,2,0.0937,2,0.0937
111,200,Perquimans County,NC,RL1,2,0.1205,2,0.1205,2,0.1205
111,300,Perquimans County,NC,RL1,3,0.1716,3,0.1716,3,0.1716
000,0,Perquimans County,NC,RL1,0,0.0000,0,0.0000,0,0.0000
000,25,Perquimans County,NC,RL1,0,0.0000,0,0.0000,0,0.0000
000,50,Perquimans County,NC,RL1,0,0.0000,0,0.0000,0,0.0000
000,100,Perquimans County,NC,RL1,0,0.0000,0,0.0000,0,0.0000
000,150,Perquimans County,NC,RL1,0,0.0000,0,0.0000,0,0.0000
000,200,Perquimans County,NC,RL1,0,0.0000,0,0.0000,0,0.0000
000,300,Perquimans County,NC,RL1,0,0.0000,0,0.0000,0,0.0000
001,0,Perquimans County,NC,RL1,2,0.0904,1,0.0759,12,0.7060
001,25,Perquimans County,NC,RL1,1,0.0417,0,0.0253,11,0.6567
001,50,Perquimans County,NC,RL1,1,0.0460,0,0.0216,11,0.6572
001,100,Perquimans County,NC,RL1,1,0.0411,0,0.0159,11,0.6419
001,150,Perquimans County,NC,RL1,1,0.0530,0,0.0283,11,0.6569
001,200,Perquimans County,NC,RL1,1,0.0604,1,0.0326,11,0.6758
001,300,Perquimans County,NC,RL1,6,0.3296,4,0.2100,13,0.7927
102,0,Perquimans County,NC,RL1,6,0.3587,0,0.0272,3,0.2058
102,25,Perquimans County,NC,RL1,6,0.3741,1,0.0329,4,0.2077
102,50,Perquimans County,NC,RL1,6,0.3631,1,0.0409,3,0.2053
102,100,Perquimans County,NC,RL1,7,0.4373,1,0.0523,4,0.2220
102,150,Perquimans County,NC,RL1,9,0.5568,2,0.1041,4,0.2145
102,200,Perquimans County,NC,RL1,12,0.7008,4,0.2513,3,0.1935
102,300,Perquimans County,NC,RL1,8,0.4988,6,0.3296,1,0.0357
205,0,Perquimans County,NC,RL1,9,0.5388,15,0.8848,1,0.0761
205,25,Perquimans County,NC,RL1,9,0.5204,15,0.8781,1,0.0718
205,50,Perquimans County,NC,RL1,9,0.5218,15,0.8684,1,0.0685
205,100,Perquimans County,NC,RL1,7,0.4318,14,0.8420,1,0.0463
205,150,Perquimans County,NC,RL1,5,0.2965,13,0.7739,1,0.0348
205,200,Perquimans County,NC,RL1,2,0.1183,10,0.5956,0,0.0103
205,300,Perquimans County,NC,RL1,0,0.0000,5,0.2888,0,0.0000
111,0,Pitt County,NC,RL1,0,0.0000,0,0.0000,0,0.0000
111,25,Pitt County,NC,RL1,0,0.0000,0,0.0000,0,0.0000
111,50,Pitt County,NC,RL1,0,0.0000,0,0.0000,0,0.0000
111,100,Pitt County,NC,RL1,0,0.0000,0,0.0000,0,0.0000
111,150,Pitt County,NC,RL1,0,0.0003,0,0.0003,0,0.0003
111,200,Pitt County,NC,RL1,0,0.0030,0,0.0030,0,0.0030
111,300,Pitt County,NC,RL1,0,0.0070,0,0.0070,0,0.0070
000,0,Pitt County,NC,RL1,0,0.0000,0,0.0000,0,0.0017
000,25,Pitt County,NC,RL1,0,0.0000,0,0.0000,0,0.0017
000,50,Pitt County,NC,RL1,0,0.0000,0,0.0000,0,0.0017
000,100,Pitt County,NC,RL1,0,0.0000,0,0.0000,0,0.0017
000,150,Pitt County,NC,RL1,0,0.0000,0,0.0000,0,0.0017
000,200,Pitt County,NC,RL1,0,0.0000,0,0.0000,0,0.0017
000,300,Pitt County,NC,RL1,0,0.0000,0,0.0000,0,0.0017
001,0,Pitt County,NC,RL1,10,0.1436,2,0.0251,24,0.3428
001,25,Pitt County,NC,RL1,10,0.1436,2,0.0251,24,0.3422
001,50,Pitt County,NC,RL1,10,0.1436,2,0.0251,24,0.3422
001,100,Pitt County,NC,RL1,10,0.1436,2,0.0251,24,0.3416
001,150,Pitt County,NC,RL1,10,0.1433,2,0.0249,24,0.3410
001,200,Pitt County,NC,RL1,10,0.1421,2,0.0243,24,0.3400
001,300,Pitt County,NC,RL1,10,0.1384,2,0.0222,24,0.3369
102,0,Pitt County,NC,RL1,5,0.0657,3,0.0392,9,0.1214
102,25,Pitt County,NC,RL1,5,0.0657,3,0.0392,9,0.1222
102,50,Pitt County,NC,RL1,5,0.0659,3,0.0392,9,0.1222
102,100,Pitt County,NC,RL1,5,0.0659,3,0.0393,9,0.1225
102,150,Pitt County,NC,RL1,5,0.0658,3,0.0395,9,0.1231
102,200,Pitt County,NC,RL1,5,0.0662,3,0.0406,9,0.1235
102,300,Pitt County,NC,RL1,5,0.0696,3,0.0460,9,0.1237
205,0,Pitt County,NC,RL1,10,0.1347,12,0.1632,18,0.2562
205,25,Pitt County,NC,RL1,10,0.1347,12,0.1632,18,0.2560
205,50,Pitt County,NC,RL1,10,0.1341,12,0.1633,18,0.2560
205,100,Pitt County,NC,RL1,10,0.1348,12,0.1632,18,0.2563
205,150,Pitt County,NC,RL1,10,0.1362,12,0.1630,18,0.2564
205,200,Pitt County,NC,RL1,10,0.1392,11,0.1603,18,0.2552
205,300,Pitt County,NC,RL1,10,0.1437,11,0.1550,18,0.2554
111,0,Sampson County,NC,RL1,0,0.0000,0,0.0000,0,0.0000
111,25,Sampson County,NC,RL1,0,0.0000,0,0.0000,0,0.0000
111,50,Sampson County,NC,RL1,0,0.0000,0,0.0000,0,0.0000
111,100,Sampson County,NC,RL1,0,0.0000,0,0.0000,0,0.0000
111,150,Sampson County,NC,RL1,0,0.0000,0,0.0000,0,0.0000
111,200,Sampson County,NC,RL1,0,0.0000,0,0.0000,0,0.0000
111,300,Sampson County,NC,RL1,0,0.0000,0,0.0000,0,0.0000
000,0,Sampson County,NC,RL1,0,0.0000,0,0.0000,0,0.0000
000,25,Sampson County,NC,RL1,0,0.0000,0,0.0000,0,0.0000
000,50,Sampson County,NC,RL1,0,0.0000,0,0.0000,0,0.0000
000,100,Sampson County,NC,RL1,0,0.0000,0,0.0000,0,0.0000
000,150,Sampson County,NC,RL1,0,0.0000,0,0.0000,0,0.0000
000,200,Sampson County,NC,RL1,0,0.0000,0,0.0000,0,0.0000
000,300,Sampson County,NC,RL1,0,0.0000,0,0.0000,0,0.0000
001,0,Sampson County,NC,RL1,0,0.0000,0,0.0000,0,0.0000
001,25,Sampson County,NC,RL1,0,0.0000,0,0.0000,0,0.0000
001,50,Sampson County,NC,RL1,0,0.0000,0,0.0000,0,0.0000
001,100,Sampson County,NC,RL1,0,0.0000,0,0.0000,0,0.0000
001,150,Sampson County,NC,RL1,0,0.0000,0,0.0000,0,0.0000
001,200,Sampson County,NC,RL1,0,0.0000,0,0.0000,0,0.0000
001,300,Sampson County,NC,RL1,0,0.0000,0,0.0000,0,0.0000
102,0,Sampson County,NC,RL1,0,0.0000,0,0.0000,0,0.0000
102,25,Sampson County,NC,RL1,0,0.0000,0,0.0000,0,0.0000
102,50,Sampson County,NC,RL1,0,0.0000,0,0.0000,0,0.0000
102,100,Sampson County,NC,RL1,0,0.0000,0,0.0000,0,0.0000
102,150,Sampson County,NC,RL1,0,0.0000,0,0.0000,0,0.0000
102,200,Sampson County,NC,RL1,0,0.0000,0,0.0000,0,0.0000
102,300,Sampson County,NC,RL1,0,0.0000,0,0.0000,0,0.0000
205,0,Sampson County,NC,RL1,0,0.0000,0,0.0000,0,0.0000
205,25,Sampson County,NC,RL1,0,0.0000,0,0.0000,0,0.0000
205,50,Sampson County,NC,RL1,0,0.0000,0,0.0000,0,0.0000
205,100,Sampson County,NC,RL1,0,0.0000,0,0.0000,0,0.0000
205,150,Sampson County,NC,RL1,0,0.0000,0,0.0000,0,0.0000
205,200,Sampson County,NC,RL1,0,0.0000,0,0.0000,0,0.0000
205,300,Sampson County,NC,RL1,0,0.0000,0,0.0000,0,0.0000
111,0,Washington County,NC,RL1,0,0.0000,0,0.0000,0,0.0000
111,25,Washington County,NC,RL1,0,0.0056,0,0.0056,0,0.0056
111,50,Washington County,NC,RL1,1,0.0396,1,0.0396,1,0.0396
111,100,Washington County,NC,RL1,1,0.0547,1,0.0547,1,0.0547
111,150,Washington County,NC,RL1,2,0.0799,2,0.0799,2,0.0799
111,200,Washington County,NC,RL1,2,0.0944,2,0.0944,2,0.0944
111,300,Washington County,NC,RL1,3,0.1388,3,0.1388,3,0.1388
000,0,Washington County,NC,RL1,0,0.0000,0,0.0000,0,0.0000
000,25,Washington County,NC,RL1,0,0.0000,0,0.0000,0,0.0000
000,50,Washington County,NC,RL1,0,0.0000,0,0.0000,0,0.0000
000,100,Washington County,NC,RL1,0,0.0000,0,0.0000,0,0.0000
000,150,Washington County,NC,RL1,0,0.0000,0,0.0000,0,0.0000
000,200,Washington County,NC,RL1,0,0.0000,0,0.0000,0,0.0000
000,300,Washington County,NC,RL1,0,0.0000,0,0.0000,0,0.0000
001,0,Washington County,NC,RL1,2,0.0958,2,0.0708,15,0.6064
001,25,Washington County,NC,RL1,2,0.0915,2,0.0681,17,0.6935
001,50,Washington County,NC,RL1,1,0.0604,1,0.0392,16,0.6755
001,100,Washington County,NC,RL1,2,0.0643,1,0.0385,14,0.5638
001,150,Washington County,NC,RL1,1,0.0596,1,0.0335,15,0.6146
001,200,Washington County,NC,RL1,2,0.0811,1,0.0563,14,0.5625
001,300,Washington County,NC,RL1,4,0.1466,3,0.1199,13,0.5497
102,0,Washington County,NC,RL1,6,0.2682,1,0.0612,8,0.3253
102,25,Washington County,NC,RL1,6,0.2694,1,0.0617,6,0.2565
102,50,Washington County,NC,RL1,7,0.2741,1,0.0623,6,0.2592
102,100,Washington County,NC,RL1,7,0.2961,2,0.0715,8,0.3191
102,150,Washington County,NC,RL1,8,0.3338,3,0.1096,6,0.2488
102,200,Washington County,NC,RL1,7,0.3082,4,0.1483,7,0.2967
102,300,Washington County,NC,RL1,6,0.2651,4,0.1559,7,0.2748
205,0,Washington County,NC,RL1,14,0.5675,9,0.3624,2,0.0674
205,25,Washington County,NC,RL1,14,0.5661,9,0.3632,1,0.0435
205,50,Washington County,NC,RL1,13,0.5585,9,0.3643,1,0.0248
205,100,Washington County,NC,RL1,13,0.5256,8,0.3463,1,0.0615
205,150,Washington County,NC,RL1,11,0.4783,7,0.2895,1,0.0558
205,200,Washington County,NC,RL1,12,0.4795,6,0.2409,1,0.0455
205,300,Washington County,NC,RL1,10,0.4267,3,0.1085,1,0.0358
111,0,Wayne County,NC,RL1,0,0.0000,0,0.0000,0,0.0000
111,25,Wayne County,NC,RL1,0,0.0000,0,0.0000,0,0.0000
111,50,Wayne County,NC,RL1,0,0.0000,0,0.0000,0,0.0000
111,100,Wayne County,NC,RL1,0,0.0000,0,0.0000,0,0.0000
111,150,Wayne County,NC,RL1,0,0.0000,0,0.0000,0,0.0000
111,200,Wayne County,NC,RL1,0,0.0000,0,0.0000,0,0.0000
111,300,Wayne County,NC,RL1,0,0.0000,0,0.0000,0,0.0000
000,0,Wayne County,NC,RL1,0,0.0000,0,0.0000,0,0.0000
000,25,Wayne County,NC,RL1,0,0.0000,0,0.0000,0,0.0000
000,50,Wayne County,NC,RL1,0,0.0000,0,0.0000,0,0.0000
000,100,Wayne County,NC,RL1,0,0.0000,0,0.0000,0,0.0000
000,150,Wayne County,NC,RL1,0,0.0000,0,0.0000,0,0.0000
000,200,Wayne County,NC,RL1,0,0.0000,0,0.0000,0,0.0000
000,300,Wayne County,NC,RL1,0,0.0000,0,0.0000,0,0.0000
001,0,Wayne County,NC,RL1,0,0.0000,0,0.0000,0,0.0000
001,25,Wayne County,NC,RL1,0,0.0000,0,0.0000,0,0.0000
001,50,Wayne County,NC,RL1,0,0.0000,0,0.0000,0,0.0000
001,100,Wayne County,NC,RL1,0,0.0000,0,0.0000,0,0.0000
001,150,Wayne County,NC,RL1,0,0.0000,0,0.0000,0,0.0000
001,200,Wayne County,NC,RL1,0,0.0000,0,0.0000,0,0.0000
001,300,Wayne County,NC,RL1,0,0.0000,0,0.0000,0,0.0000
102,0,Wayne County,NC,RL1,0,0.0000,0,0.0000,0,0.0000
102,25,Wayne County,NC,RL1,0,0.0000,0,0.0000,0,0.0000
102,50,Wayne County,NC,RL1,0,0.0000,0,0.0000,0,0.0000
102,100,Wayne County,NC,RL1,0,0.0000,0,0.0000,0,0.0000
102,150,Wayne County,NC,RL1,0,0.0000,0,0.0000,0,0.0000
102,200,Wayne County,NC,RL1,0,0.0000,0,0.0000,0,0.0000
102,300,Wayne County,NC,RL1,0,0.0000,0,0.0000,0,0.0000
205,0,Wayne County,NC,RL1,0,0.0000,0,0.0000,0,0.0000
205,25,Wayne County,NC,RL1,0,0.0000,0,0.0000,0,0.0000
205,50,Wayne County,NC,RL1,0,0.0000,0,0.0000,0,0.0000
205,100,Wayne County,NC,RL1,0,0.0000,0,0.0000,0,0.0000
205,150,Wayne County,NC,RL1,0,0.0000,0,0.0000,0,0.0000
205,200,Wayne County,NC,RL1,0,0.0000,0,0.0000,0,0.0000
205,300,Wayne County,NC,RL1,0,0.0000,0,0.0000,0,0.0000
